paper,weightedAverage,decision
Paper1,7.117647058823529,Accept
Paper10,6.142857142857143,Accept
Paper100,4.538461538461538,Reject
Paper1000,6.0,Reject
Paper1001,5.214285714285714,Reject
Paper1003,8.0,Accept
Paper1005,4.444444444444445,Reject
Paper1009,5.266666666666667,Reject
Paper101,7.0,Accept
Paper1012,1.0,Reject
Paper1013,5.230769230769231,Accept
Paper1014,5.714285714285714,Accept
Paper1016,6.461538461538462,Accept
Paper1017,5.2,Reject
Paper102,6.846153846153846,Accept
Paper1021,5.571428571428571,Reject
Paper1022,4.555555555555555,Reject
Paper1024,4.722222222222222,Reject
Paper1025,5.666666666666667,Reject
Paper1026,5.3076923076923075,Reject
Paper1027,5.5,Reject
Paper103,4.538461538461538,Reject
Paper1030,5.75,Accept
Paper1032,4.230769230769231,Reject
Paper1035,6.25,Accept
Paper1037,5.571428571428571,Accept
Paper1038,5.866666666666666,Accept
Paper104,7.0,Accept
Paper1040,3.4444444444444446,Reject
Paper1041,7.0,Accept
Paper1043,5.933333333333334,Accept
Paper1044,6.0,Reject
Paper1046,6.571428571428571,Accept
Paper1047,4.933333333333334,Reject
Paper1049,5.153846153846154,Reject
Paper105,5.428571428571429,Reject
Paper1050,6.6875,Accept
Paper1051,7.2,Accept
Paper1053,4.833333333333333,Reject
Paper1057,7.466666666666667,Accept
Paper1059,4.125,Reject
Paper106,5.533333333333333,Reject
Paper1062,4.928571428571429,Reject
Paper1063,6.933333333333334,Accept
Paper1065,5.777777777777778,Reject
Paper1066,6.0588235294117645,Accept
Paper1068,3.769230769230769,Reject
Paper1069,4.111111111111111,Reject
Paper1071,7.066666666666666,Accept
Paper1072,3.533333333333333,Reject
Paper1073,5.5,Reject
Paper1074,4.6,Reject
Paper1076,4.785714285714286,Reject
Paper1077,6.5,Accept
Paper1078,7.3076923076923075,Accept
Paper1079,5.0,Reject
Paper108,5.3,Reject
Paper1080,4.153846153846154,Reject
Paper1081,4.466666666666667,Reject
Paper1082,6.133333333333334,Reject
Paper1084,6.636363636363637,Accept
Paper1085,5.333333333333333,Accept
Paper1088,7.384615384615385,Accept
Paper1089,3.0,Reject
Paper109,6.153846153846154,Accept
Paper1092,6.9411764705882355,Accept
Paper1094,6.375,Accept
Paper1096,6.846153846153846,Accept
Paper1098,5.5,Reject
Paper1099,6.545454545454546,Accept
Paper11,7.0588235294117645,Accept
Paper1100,6.357142857142857,Accept
Paper1101,5.538461538461538,Reject
Paper1109,6.857142857142857,Accept
Paper1110,5.0,Reject
Paper1112,6.7368421052631575,Accept
Paper1113,4.466666666666667,Reject
Paper1115,6.076923076923077,Reject
Paper1116,3.75,Reject
Paper1117,5.333333333333333,Reject
Paper1118,5.7,Accept
Paper1119,6.647058823529412,Reject
Paper112,6.142857142857143,Accept
Paper1120,5.529411764705882,Accept
Paper1124,5.142857142857143,Accept
Paper1125,5.944444444444445,Accept
Paper1126,6.7272727272727275,Accept
Paper1127,6.333333333333333,Accept
Paper1128,3.736842105263158,Reject
Paper113,6.133333333333334,Accept
Paper1130,5.5,Reject
Paper1133,3.875,Reject
Paper1134,6.0,Accept
Paper1135,6.611111111111111,Accept
Paper1137,5.733333333333333,Reject
Paper1138,5.4375,Reject
Paper1139,6.5,Accept
Paper114,5.769230769230769,Accept
Paper1140,6.0,Accept
Paper1142,6.0,Reject
Paper1144,4.0,Reject
Paper1145,5.25,Reject
Paper115,5.533333333333333,Reject
Paper1153,5.0,Reject
Paper1154,6.1875,Accept
Paper1155,7.0,Accept
Paper1156,6.083333333333333,Accept
Paper1157,6.769230769230769,Accept
Paper1158,4.066666666666666,Reject
Paper1159,3.0,Reject
Paper1160,3.6153846153846154,Reject
Paper1161,6.933333333333334,Accept
Paper1164,6.6,Reject
Paper1166,2.8666666666666667,Reject
Paper1167,8.0,Accept
Paper1169,2.111111111111111,Reject
Paper1170,5.0,Reject
Paper1172,3.5,Reject
Paper1173,2.125,Reject
Paper1176,4.285714285714286,Reject
Paper1177,6.888888888888889,Accept
Paper1178,3.933333333333333,Reject
Paper1179,4.684210526315789,Reject
Paper118,5.533333333333333,Accept
Paper1180,6.5,Accept
Paper1181,7.5,Accept
Paper1183,4.846153846153846,Reject
Paper1184,5.25,Reject
Paper1187,4.764705882352941,Reject
Paper1188,7.428571428571429,Accept
Paper1189,6.266666666666667,Accept
Paper119,6.615384615384615,Accept
Paper1190,3.4,Reject
Paper1191,6.230769230769231,Accept
Paper1193,6.875,Accept
Paper1194,5.533333333333333,Reject
Paper1195,5.368421052631579,Reject
Paper1196,5.214285714285714,Reject
Paper1197,8.0,Accept
Paper1198,5.888888888888889,Reject
Paper12,6.333333333333333,Accept
Paper120,4.615384615384615,Reject
Paper1203,5.5,Accept
Paper1204,5.75,Reject
Paper1205,4.857142857142857,Reject
Paper1206,4.909090909090909,Reject
Paper1208,5.266666666666667,Reject
Paper1209,3.111111111111111,Reject
Paper121,4.642857142857143,Reject
Paper1210,5.5,Reject
Paper1212,4.090909090909091,Accept
Paper1213,5.5,Reject
Paper1215,2.5294117647058822,Reject
Paper1217,4.0,Reject
Paper1218,4.5,Reject
Paper122,5.0,Reject
Paper1221,4.2727272727272725,Reject
Paper1224,4.133333333333334,Reject
Paper1225,6.176470588235294,Accept
Paper1226,4.444444444444445,Reject
Paper1227,5.529411764705882,Reject
Paper1228,6.1875,Accept
Paper1229,4.333333333333333,Reject
Paper1230,4.857142857142857,Reject
Paper1231,7.333333333333333,Accept
Paper1232,6.571428571428571,Accept
Paper1233,6.380952380952381,Accept
Paper1234,6.25,Reject
Paper1237,3.8333333333333335,Reject
Paper1239,7.538461538461538,Accept
Paper124,6.444444444444445,Accept
Paper1241,5.5,Reject
Paper1243,4.25,Reject
Paper1245,4.526315789473684,Reject
Paper1247,5.466666666666667,Reject
Paper1248,6.363636363636363,Reject
Paper1249,5.666666666666667,Reject
Paper1250,5.411764705882353,Reject
Paper1253,8.545454545454545,Accept
Paper1254,3.0,Reject
Paper1255,6.3076923076923075,Accept
Paper1258,6.0,Accept
Paper1259,4.666666666666667,Reject
Paper1260,7.571428571428571,Accept
Paper1261,4.75,Reject
Paper1262,5.2,Reject
Paper1266,5.375,Reject
Paper1267,7.5,Accept
Paper1268,3.0,Reject
Paper127,6.666666666666667,Accept
Paper1272,7.142857142857143,Accept
Paper1273,4.764705882352941,Reject
Paper1278,5.416666666666667,Reject
Paper1279,3.25,Reject
Paper1280,5.733333333333333,Reject
Paper1281,6.5,Accept
Paper1282,6.071428571428571,Accept
Paper1283,3.789473684210526,Reject
Paper1284,6.157894736842105,Reject
Paper1285,4.5,Reject
Paper1287,6.705882352941177,Accept
Paper1288,5.2,Reject
Paper129,7.454545454545454,Accept
Paper1292,5.5,Reject
Paper1293,6.0,Reject
Paper1294,2.473684210526316,Reject
Paper1296,3.3157894736842106,Reject
Paper1298,4.2727272727272725,Reject
Paper1299,7.384615384615385,Accept
Paper130,3.5,Reject
Paper1300,4.0,Reject
Paper1302,8.571428571428571,Accept
Paper1303,3.588235294117647,Reject
Paper1304,5.466666666666667,Reject
Paper1306,6.928571428571429,Accept
Paper1309,5.466666666666667,Reject
Paper1311,6.9411764705882355,Accept
Paper1312,5.6923076923076925,Reject
Paper1314,5.444444444444445,Reject
Paper1315,4.666666666666667,Reject
Paper1317,4.076923076923077,Reject
Paper1320,3.6923076923076925,Reject
Paper1321,6.0,Accept
Paper1323,5.866666666666666,Reject
Paper1328,7.0588235294117645,Accept
Paper1332,5.6923076923076925,Accept
Paper1335,7.4375,Accept
Paper1336,4.857142857142857,Reject
Paper1337,5.533333333333333,Reject
Paper1338,5.090909090909091,Reject
Paper134,3.4615384615384617,Reject
Paper1340,4.933333333333334,Reject
Paper1341,4.8,Reject
Paper1343,4.615384615384615,Reject
Paper1345,3.5714285714285716,Reject
Paper1346,4.666666666666667,Reject
Paper135,5.733333333333333,Accept
Paper1350,6.0,Accept
Paper1354,4.285714285714286,Reject
Paper1355,4.0,Reject
Paper1356,5.142857142857143,Reject
Paper1359,4.590909090909091,Reject
Paper1361,5.866666666666666,Accept
Paper1362,6.181818181818182,Reject
Paper1363,4.75,Reject
Paper1365,6.0,Accept
Paper1366,5.230769230769231,Reject
Paper1367,7.571428571428571,Accept
Paper1368,5.4375,Reject
Paper1370,7.466666666666667,Accept
Paper1371,6.545454545454546,Accept
Paper1372,4.166666666666667,Reject
Paper1373,3.5294117647058822,Reject
Paper1374,5.411764705882353,Reject
Paper1375,3.823529411764706,Reject
Paper1376,3.8,Reject
Paper1378,6.2,Accept
Paper1380,6.285714285714286,Reject
Paper1382,4.2631578947368425,Reject
Paper1383,4.153846153846154,Reject
Paper1386,5.3076923076923075,Reject
Paper1388,3.0,Reject
Paper1389,7.625,Accept
Paper1391,5.454545454545454,Reject
Paper1392,6.142857142857143,Accept
Paper1393,5.0,Reject
Paper1394,5.733333333333333,Accept
Paper1395,5.466666666666667,Reject
Paper1396,5.466666666666667,Reject
Paper14,6.761904761904762,Accept
Paper1400,4.6,Reject
Paper1401,6.333333333333333,Accept
Paper1402,3.0,Reject
Paper1407,6.0,Reject
Paper1408,7.333333333333333,Accept
Paper1411,6.333333333333333,Reject
Paper1412,5.25,Reject
Paper1413,6.0,Accept
Paper1414,5.0,Reject
Paper1416,4.944444444444445,Reject
Paper1418,5.25,Accept
Paper1419,4.909090909090909,Reject
Paper142,4.461538461538462,Reject
Paper1420,7.4,Accept
Paper1421,4.538461538461538,Accept
Paper1422,4.533333333333333,Reject
Paper1426,6.533333333333333,Accept
Paper1427,4.111111111111111,Reject
Paper1428,2.272727272727273,Reject
Paper143,3.375,Reject
Paper1430,6.411764705882353,Accept
Paper1431,4.0,Reject
Paper1432,3.0,Reject
Paper1435,5.235294117647059,Reject
Paper1437,5.375,Reject
Paper1438,6.352941176470588,Accept
Paper1439,7.066666666666666,Accept
Paper144,3.8125,Reject
Paper1443,5.0,Reject
Paper1444,5.055555555555555,Reject
Paper1445,5.2,Accept
Paper1446,3.857142857142857,Reject
Paper1447,5.0,Reject
Paper145,4.733333333333333,Reject
Paper1450,6.933333333333334,Accept
Paper1451,7.538461538461538,Accept
Paper1452,6.571428571428571,Reject
Paper1453,3.933333333333333,Reject
Paper1455,3.5555555555555554,Reject
Paper1456,6.4,Reject
Paper1457,6.428571428571429,Accept
Paper1458,4.666666666666667,Reject
Paper146,7.076923076923077,Accept
Paper1461,6.882352941176471,Accept
Paper1463,6.181818181818182,Accept
Paper1466,6.235294117647059,Accept
Paper1467,3.625,Reject
Paper1468,5.117647058823529,Reject
Paper1470,7.466666666666667,Accept
Paper1472,6.25,Accept
Paper1473,3.380952380952381,Reject
Paper1474,8.0,Accept
Paper1477,6.866666666666666,Accept
Paper1478,6.090909090909091,Reject
Paper1479,5.333333333333333,Reject
Paper1481,6.083333333333333,Reject
Paper1482,7.0,Accept
Paper1484,6.3,Accept
Paper1485,7.25,Accept
Paper1487,4.466666666666667,Reject
Paper1488,5.5,Reject
Paper1490,5.277777777777778,Reject
Paper1492,4.823529411764706,Reject
Paper1493,4.0588235294117645,Reject
Paper1496,4.823529411764706,Reject
Paper1497,6.615384615384615,Accept
Paper1498,6.25,Accept
Paper1499,5.625,Accept
Paper150,7.5,Accept
Paper1500,4.5,Reject
Paper1501,3.6666666666666665,Reject
Paper1502,3.0,Reject
Paper1503,5.7272727272727275,Reject
Paper1504,3.4705882352941178,Reject
Paper1507,6.181818181818182,Accept
Paper1508,5.928571428571429,Accept
Paper1509,5.466666666666667,Reject
Paper1510,4.090909090909091,Reject
Paper1513,4.153846153846154,Reject
Paper1516,3.375,Reject
Paper1519,7.076923076923077,Accept
Paper152,4.166666666666667,Reject
Paper1520,5.461538461538462,Reject
Paper1521,5.538461538461538,Accept
Paper1522,6.0,Accept
Paper1524,7.142857142857143,Accept
Paper1528,4.454545454545454,Reject
Paper153,5.2,Reject
Paper1530,4.529411764705882,Reject
Paper1531,4.285714285714286,Reject
Paper1532,8.0,Accept
Paper1534,7.2727272727272725,Accept
Paper1537,4.928571428571429,Reject
Paper1538,4.615384615384615,Reject
Paper1539,6.0,Reject
Paper154,8.0,Accept
Paper1541,8.0,Accept
Paper1542,3.380952380952381,Reject
Paper1547,4.25,Reject
Paper1548,7.076923076923077,Accept
Paper1550,7.142857142857143,Accept
Paper1551,7.428571428571429,Accept
Paper1553,5.636363636363637,Reject
Paper1554,5.75,Accept
Paper1556,3.0,Reject
Paper1557,6.625,Accept
Paper1559,5.8,Accept
Paper156,7.0588235294117645,Accept
Paper1560,6.461538461538462,Accept
Paper1561,7.5,Accept
Paper1562,5.0,Reject
Paper1564,7.0,Accept
Paper1565,6.5,Accept
Paper1566,7.333333333333333,Accept
Paper1567,5.625,Accept
Paper1568,6.4,Reject
Paper1569,5.285714285714286,Reject
Paper157,6.333333333333333,Reject
Paper1570,4.75,Reject
Paper1573,7.066666666666666,Accept
Paper1576,6.133333333333334,Accept
Paper1578,7.538461538461538,Accept
Paper1579,5.0,Reject
Paper158,7.538461538461538,Accept
Paper1580,3.875,Reject
Paper1582,6.571428571428571,Accept
Paper1583,5.0,Reject
Paper1584,6.466666666666667,Accept
Paper1585,5.5,Reject
Paper1587,5.333333333333333,Reject
Paper1588,4.5,Reject
Paper1589,6.909090909090909,Accept
Paper159,4.714285714285714,Reject
Paper1590,3.2666666666666666,Reject
Paper1591,8.0,Accept
Paper1594,5.75,Accept
Paper1595,7.555555555555555,Accept
Paper1596,5.071428571428571,Reject
Paper1597,6.611111111111111,Accept
Paper1602,5.666666666666667,Reject
Paper1603,4.842105263157895,Reject
Paper1604,8.0,Accept
Paper1605,3.8181818181818183,Reject
Paper1606,7.333333333333333,Accept
Paper1607,6.384615384615385,Accept
Paper1608,4.666666666666667,Reject
Paper161,5.818181818181818,Accept
Paper1610,6.444444444444445,Accept
Paper1615,6.0,Reject
Paper1618,8.0,Accept
Paper1619,6.0,Accept
Paper162,6.0,Accept
Paper1621,5.944444444444445,Reject
Paper1623,4.333333333333333,Reject
Paper1624,4.214285714285714,Reject
Paper1625,4.071428571428571,Reject
Paper1626,6.444444444444445,Accept
Paper1627,6.266666666666667,Accept
Paper1628,3.875,Reject
Paper1629,4.461538461538462,Reject
Paper163,6.571428571428571,Accept
Paper1631,3.5,Reject
Paper1632,8.588235294117647,Accept
Paper1634,4.6,Reject
Paper1635,7.571428571428571,Accept
Paper1636,6.8,Accept
Paper1637,4.0,Reject
Paper1638,5.75,Reject
Paper1639,6.0,Reject
Paper1640,2.5,Reject
Paper1643,6.384615384615385,Accept
Paper1645,5.285714285714286,Reject
Paper1647,7.333333333333333,Accept
Paper1649,6.0,Accept
Paper165,6.733333333333333,Accept
Paper1652,4.666666666666667,Reject
Paper1656,5.75,Reject
Paper1659,3.6,Reject
Paper1662,6.25,Accept
Paper1663,8.666666666666666,Accept
Paper1664,6.181818181818182,Accept
Paper1666,5.7894736842105265,Accept
Paper1667,6.384615384615385,Accept
Paper1669,5.083333333333333,Reject
Paper1670,6.888888888888889,Accept
Paper1672,6.416666666666667,Accept
Paper1673,4.333333333333333,Reject
Paper1676,6.133333333333334,Accept
Paper1679,4.0,Reject
Paper168,4.125,Reject
Paper1680,4.714285714285714,Reject
Paper1682,5.933333333333334,Reject
Paper1684,5.181818181818182,Reject
Paper1688,4.285714285714286,Reject
Paper1690,8.0,Accept
Paper1696,5.5,Reject
Paper1697,5.0,Reject
Paper1698,7.625,Accept
Paper1699,6.352941176470588,Accept
Paper1701,3.3076923076923075,Reject
Paper1702,6.0,Accept
Paper1704,6.0,Reject
Paper1706,5.888888888888889,Reject
Paper1707,7.25,Accept
Paper1708,6.8,Accept
Paper1709,7.428571428571429,Accept
Paper1710,5.529411764705882,Reject
Paper1711,5.142857142857143,Reject
Paper1713,6.461538461538462,Accept
Paper1715,6.357142857142857,Reject
Paper1717,4.705882352941177,Reject
Paper1718,5.5,Reject
Paper172,7.1,Accept
Paper1720,5.866666666666666,Reject
Paper1727,8.0,Accept
Paper1728,4.333333333333333,Reject
Paper1729,6.545454545454546,Accept
Paper173,5.0,Reject
Paper1730,5.363636363636363,Reject
Paper1732,5.333333333333333,Reject
Paper1733,6.571428571428571,Accept
Paper1734,5.5,Reject
Paper1735,5.533333333333333,Accept
Paper1736,5.636363636363637,Reject
Paper1737,6.75,Accept
Paper1738,6.285714285714286,Accept
Paper174,5.4375,Reject
Paper1742,4.285714285714286,Reject
Paper1746,6.636363636363637,Accept
Paper1748,7.055555555555555,Accept
Paper175,4.5,Reject
Paper1753,6.0,Accept
Paper1754,5.0,Reject
Paper1756,5.25,Reject
Paper1757,7.0588235294117645,Accept
Paper1758,3.4444444444444446,Reject
Paper1759,6.333333333333333,Accept
Paper176,3.6153846153846154,Reject
Paper1761,4.625,Reject
Paper1764,4.571428571428571,Reject
Paper1767,6.25,Accept
Paper1768,3.6666666666666665,Reject
Paper1769,5.9411764705882355,Reject
Paper1770,8.0,Accept
Paper1771,4.666666666666667,Reject
Paper1772,5.466666666666667,Accept
Paper1776,6.666666666666667,Accept
Paper1778,7.5,Accept
Paper1779,6.470588235294118,Accept
Paper1780,5.0,Reject
Paper1784,6.25,Accept
Paper1785,8.0,Accept
Paper1786,6.533333333333333,Accept
Paper1788,4.384615384615385,Reject
Paper179,5.0,Reject
Paper1790,4.75,Reject
Paper1791,6.266666666666667,Accept
Paper1792,4.75,Accept
Paper1793,6.8,Accept
Paper1796,3.0,Reject
Paper1797,7.2,Accept
Paper1798,3.4210526315789473,Reject
Paper1799,7.6923076923076925,Accept
Paper180,6.285714285714286,Reject
Paper1800,6.833333333333333,Accept
Paper1801,5.0,Reject
Paper1802,5.6,Reject
Paper1804,3.6666666666666665,Reject
Paper1805,4.5,Reject
Paper1806,4.2,Reject
Paper1807,7.571428571428571,Accept
Paper1808,3.9411764705882355,Reject
Paper1809,6.0,Accept
Paper181,7.142857142857143,Accept
Paper1811,6.7272727272727275,Accept
Paper1812,4.4,Reject
Paper1813,4.764705882352941,Reject
Paper1814,6.25,Accept
Paper1815,8.0,Accept
Paper1816,5.153846153846154,Accept
Paper1817,3.5714285714285716,Reject
Paper1818,6.333333333333333,Accept
Paper1819,6.333333333333333,Accept
Paper1820,7.454545454545454,Accept
Paper1823,7.5,Accept
Paper1824,8.0,Accept
Paper1826,3.4,Reject
Paper1827,6.133333333333334,Accept
Paper1830,4.882352941176471,Accept
Paper1831,8.0,Accept
Paper1834,4.636363636363637,Reject
Paper1835,5.466666666666667,Reject
Paper1836,6.4,Accept
Paper1838,6.0,Accept
Paper1839,6.0,Accept
Paper184,3.533333333333333,Reject
Paper1841,4.7,Reject
Paper1843,5.0,Reject
Paper1844,3.4615384615384617,Reject
Paper1845,6.0,Accept
Paper1848,7.333333333333333,Accept
Paper1849,6.909090909090909,Accept
Paper1850,6.666666666666667,Accept
Paper1851,5.5,Reject
Paper1852,5.454545454545454,Accept
Paper1854,7.142857142857143,Accept
Paper1857,6.666666666666667,Accept
Paper1858,4.222222222222222,Reject
Paper1859,5.533333333333333,Reject
Paper186,4.9375,Reject
Paper1860,6.230769230769231,Accept
Paper1861,5.5,Reject
Paper1863,4.466666666666667,Reject
Paper1864,5.357142857142857,Accept
Paper1865,6.0,Accept
Paper1867,6.875,Accept
Paper1868,7.6,Accept
Paper1869,5.7272727272727275,Accept
Paper187,5.764705882352941,Reject
Paper1870,4.0,Reject
Paper1873,4.230769230769231,Reject
Paper1874,6.588235294117647,Accept
Paper1875,5.0,Reject
Paper1880,3.4285714285714284,Reject
Paper1882,3.1176470588235294,Reject
Paper1883,3.6666666666666665,Reject
Paper1887,6.125,Accept
Paper1889,5.0,Reject
Paper1890,6.0,Reject
Paper1892,5.3076923076923075,Reject
Paper1893,3.5,Reject
Paper1894,3.727272727272727,Reject
Paper1895,5.181818181818182,Reject
Paper1896,6.666666666666667,Accept
Paper1897,6.461538461538462,Accept
Paper1898,5.214285714285714,Reject
Paper190,6.5,Accept
Paper1900,5.466666666666667,Reject
Paper1902,4.5,Reject
Paper1903,3.7142857142857144,Reject
Paper1904,5.428571428571429,Reject
Paper1907,3.4705882352941178,Reject
Paper1909,4.888888888888889,Reject
Paper191,6.0,Accept
Paper1910,4.714285714285714,Reject
Paper1911,6.333333333333333,Accept
Paper1912,7.0,Accept
Paper1913,7.571428571428571,Accept
Paper1914,5.083333333333333,Reject
Paper1915,4.315789473684211,Reject
Paper1916,4.5,Reject
Paper1918,4.368421052631579,Reject
Paper1919,3.0,Reject
Paper1920,5.666666666666667,Reject
Paper1921,6.2,Accept
Paper1923,5.571428571428571,Reject
Paper1924,6.142857142857143,Accept
Paper1925,6.6875,Reject
Paper1926,5.529411764705882,Reject
Paper1927,8.0,Accept
Paper1929,4.636363636363637,Reject
Paper193,6.0,Reject
Paper1930,5.4,Accept
Paper1932,6.555555555555555,Accept
Paper1933,4.615384615384615,Reject
Paper1934,4.846153846153846,Reject
Paper1937,6.470588235294118,Accept
Paper1938,3.2857142857142856,Reject
Paper1939,4.538461538461538,Reject
Paper194,4.666666666666667,Reject
Paper1940,6.928571428571429,Accept
Paper1941,6.588235294117647,Reject
Paper1942,6.0,Accept
Paper1943,6.071428571428571,Reject
Paper1945,8.0,Accept
Paper1946,4.5,Reject
Paper1948,3.9,Reject
Paper1949,4.714285714285714,Reject
Paper1950,3.5625,Reject
Paper1953,4.4,Reject
Paper1954,4.6923076923076925,Reject
Paper1956,4.0588235294117645,Reject
Paper1957,6.0,Accept
Paper1959,3.4,Reject
Paper1960,4.333333333333333,Reject
Paper1961,5.4375,Reject
Paper1962,6.142857142857143,Accept
Paper1963,5.0,Reject
Paper1967,6.0,Accept
Paper1968,5.0,Reject
Paper197,6.0,Reject
Paper1970,6.5,Accept
Paper1971,3.642857142857143,Reject
Paper1972,6.055555555555555,Reject
Paper1973,6.470588235294118,Accept
Paper1974,5.8,Reject
Paper1976,2.625,Reject
Paper1978,5.0,Reject
Paper1979,5.5,Reject
Paper1980,6.125,Accept
Paper1981,7.157894736842105,Accept
Paper1983,5.666666666666667,Reject
Paper1986,6.733333333333333,Accept
Paper1987,5.533333333333333,Accept
Paper1990,7.0,Accept
Paper1991,4.235294117647059,Reject
Paper1992,5.411764705882353,Reject
Paper1993,6.055555555555555,Reject
Paper1994,6.9411764705882355,Accept
Paper1996,3.6153846153846154,Reject
Paper1998,6.5,Accept
Paper200,5.181818181818182,Reject
Paper2000,4.3478260869565215,Reject
Paper2001,6.133333333333334,Accept
Paper2002,5.363636363636363,Reject
Paper2003,6.071428571428571,Accept
Paper2007,6.0,Reject
Paper2008,4.066666666666666,Reject
Paper201,3.2857142857142856,Reject
Paper2010,5.571428571428571,Accept
Paper2012,8.0,Accept
Paper2016,5.384615384615385,Reject
Paper2017,5.0,Reject
Paper2018,5.571428571428571,Reject
Paper2019,8.0,Accept
Paper202,7.0,Accept
Paper2020,5.428571428571429,Reject
Paper2023,4.764705882352941,Reject
Paper2024,5.764705882352941,Accept
Paper2028,8.0,Accept
Paper2029,6.25,Accept
Paper2030,5.153846153846154,Accept
Paper2031,5.3,Reject
Paper2033,5.6,Reject
Paper2034,6.571428571428571,Accept
Paper2035,5.866666666666666,Reject
Paper2036,3.2666666666666666,Reject
Paper2037,7.142857142857143,Accept
Paper2038,6.533333333333333,Reject
Paper204,7.6,Accept
Paper2040,6.0,Reject
Paper2042,5.666666666666667,Reject
Paper2044,4.090909090909091,Reject
Paper2045,6.230769230769231,Accept
Paper2048,5.866666666666666,Accept
Paper2049,4.857142857142857,Reject
Paper205,4.5625,Reject
Paper2050,5.5,Accept
Paper2051,6.5,Accept
Paper2052,4.666666666666667,Reject
Paper2053,6.416666666666667,Accept
Paper2056,6.0,Accept
Paper2057,4.0,Reject
Paper2060,5.6,Reject
Paper2064,6.133333333333334,Reject
Paper2065,6.916666666666667,Accept
Paper2067,6.181818181818182,Accept
Paper2068,5.666666666666667,Reject
Paper2069,6.75,Accept
Paper2071,4.75,Reject
Paper2073,7.571428571428571,Accept
Paper2075,4.454545454545454,Reject
Paper2076,6.533333333333333,Accept
Paper2077,6.0,Accept
Paper2078,6.2,Accept
Paper208,8.0,Accept
Paper2080,5.363636363636363,Reject
Paper2083,5.7272727272727275,Accept
Paper2084,5.090909090909091,Reject
Paper2086,6.0,Reject
Paper2087,4.8125,Reject
Paper2088,4.5,Reject
Paper209,6.857142857142857,Accept
Paper2090,4.5,Reject
Paper2091,6.0,Accept
Paper2092,5.571428571428571,Reject
Paper2095,4.933333333333334,Reject
Paper2096,4.0,Reject
Paper2098,6.666666666666667,Reject
Paper210,4.454545454545454,Reject
Paper2101,6.0,Accept
Paper2102,5.285714285714286,Reject
Paper2104,7.4,Accept
Paper2108,4.5,Reject
Paper2109,4.571428571428571,Reject
Paper2110,6.333333333333333,Accept
Paper2111,4.0,Reject
Paper2112,8.625,Accept
Paper2114,8.88888888888889,Accept
Paper2117,5.285714285714286,Reject
Paper2120,5.285714285714286,Reject
Paper2121,4.666666666666667,Reject
Paper2122,6.444444444444445,Accept
Paper2124,5.0,Reject
Paper2125,6.0,Accept
Paper2126,5.3076923076923075,Reject
Paper2128,3.0,Reject
Paper2129,6.0,Accept
Paper2130,4.25,Reject
Paper2134,6.125,Reject
Paper2137,6.888888888888889,Accept
Paper2138,5.7,Reject
Paper2139,5.0,Reject
Paper2140,6.533333333333333,Accept
Paper2141,5.666666666666667,Reject
Paper2143,6.071428571428571,Accept
Paper2144,5.444444444444445,Accept
Paper2146,6.0,Accept
Paper2149,6.2,Accept
Paper215,7.538461538461538,Accept
Paper2151,5.6,Reject
Paper2154,6.0,Accept
Paper2155,5.0,Accept
Paper2156,6.0,Accept
Paper2158,5.181818181818182,Accept
Paper216,4.6923076923076925,Reject
Paper2160,4.133333333333334,Reject
Paper2163,6.823529411764706,Accept
Paper2167,4.5,Reject
Paper2169,6.266666666666667,Accept
Paper2170,7.466666666666667,Accept
Paper2171,5.0,Accept
Paper2172,4.444444444444445,Reject
Paper2173,5.733333333333333,Reject
Paper2175,4.428571428571429,Reject
Paper2176,5.533333333333333,Reject
Paper2177,5.5,Accept
Paper2179,6.375,Accept
Paper218,7.466666666666667,Accept
Paper2181,7.454545454545454,Accept
Paper2183,3.0,Reject
Paper2184,5.5,Reject
Paper2186,5.714285714285714,Reject
Paper2187,5.363636363636363,Reject
Paper2188,5.3076923076923075,Accept
Paper2189,5.75,Reject
Paper2190,5.714285714285714,Reject
Paper2192,4.666666666666667,Reject
Paper2196,7.5,Accept
Paper2197,5.25,Reject
Paper2201,7.333333333333333,Accept
Paper2202,5.0,Reject
Paper2206,2.473684210526316,Reject
Paper2207,4.2727272727272725,Reject
Paper2208,3.8,Reject
Paper2211,5.0,Reject
Paper2213,5.3076923076923075,Reject
Paper2214,4.5,Reject
Paper2215,6.421052631578948,Accept
Paper2216,5.142857142857143,Accept
Paper2217,6.0,Accept
Paper2218,8.0,Accept
Paper2219,6.933333333333334,Accept
Paper222,8.0,Accept
Paper2222,5.285714285714286,Reject
Paper2223,4.769230769230769,Reject
Paper2224,4.666666666666667,Reject
Paper2225,6.615384615384615,Accept
Paper223,6.5,Accept
Paper2231,6.0,Accept
Paper2233,3.933333333333333,Reject
Paper2235,3.0,Reject
Paper224,7.428571428571429,Accept
Paper2240,5.214285714285714,Reject
Paper2241,5.642857142857143,Accept
Paper2242,6.714285714285714,Accept
Paper2244,6.176470588235294,Accept
Paper2245,6.1,Accept
Paper2246,5.75,Reject
Paper2247,5.6923076923076925,Reject
Paper2248,3.2222222222222223,Reject
Paper2249,4.571428571428571,Reject
Paper225,7.125,Accept
Paper2250,8.666666666666666,Accept
Paper2251,4.545454545454546,Reject
Paper2252,7.466666666666667,Accept
Paper2254,3.4,Reject
Paper2255,5.421052631578948,Reject
Paper2256,6.571428571428571,Accept
Paper2257,5.368421052631579,Accept
Paper2258,6.052631578947368,Reject
Paper226,5.857142857142857,Reject
Paper2260,5.214285714285714,Reject
Paper2261,7.076923076923077,Accept
Paper2262,4.0,Reject
Paper2264,7.571428571428571,Accept
Paper2266,5.583333333333333,Accept
Paper2267,4.714285714285714,Reject
Paper2269,6.0,Accept
Paper227,7.529411764705882,Accept
Paper2270,4.714285714285714,Reject
Paper2271,2.5,Reject
Paper2272,7.142857142857143,Accept
Paper2273,6.588235294117647,Accept
Paper2274,5.65,Reject
Paper2275,4.4,Reject
Paper2276,4.529411764705882,Reject
Paper2277,5.176470588235294,Reject
Paper2279,4.466666666666667,Reject
Paper228,5.4,Accept
Paper2280,5.333333333333333,Reject
Paper2281,5.5,Reject
Paper2285,4.6,Reject
Paper2286,5.533333333333333,Reject
Paper2288,5.235294117647059,Reject
Paper2289,5.733333333333333,Accept
Paper229,6.0,Reject
Paper2297,6.0,Accept
Paper2298,6.0,Accept
Paper2300,5.2105263157894735,Reject
Paper2303,7.0,Reject
Paper2308,4.722222222222222,Reject
Paper231,6.0,Accept
Paper2310,3.75,Reject
Paper2311,5.266666666666667,Reject
Paper2315,5.818181818181818,Reject
Paper2316,5.181818181818182,Accept
Paper232,6.666666666666667,Accept
Paper2320,3.5714285714285716,Reject
Paper2321,7.076923076923077,Accept
Paper2322,3.888888888888889,Reject
Paper2324,6.888888888888889,Accept
Paper2325,5.0,Reject
Paper2328,6.809523809523809,Accept
Paper233,3.0,Reject
Paper2330,3.375,Reject
Paper2331,6.913043478260869,Accept
Paper2332,3.8181818181818183,Reject
Paper2336,6.357142857142857,Accept
Paper2337,5.0,Reject
Paper2339,5.470588235294118,Accept
Paper234,1.0,Reject
Paper2340,5.0625,Reject
Paper2342,6.090909090909091,Reject
Paper2346,6.466666666666667,Accept
Paper2347,4.5,Reject
Paper2349,3.6666666666666665,Reject
Paper235,1.4444444444444444,Reject
Paper2350,7.333333333333333,Accept
Paper2351,7.066666666666666,Accept
Paper2354,7.6,Accept
Paper2356,4.333333333333333,Reject
Paper2359,6.461538461538462,Accept
Paper236,1.9411764705882353,Reject
Paper2360,6.533333333333333,Accept
Paper2361,5.181818181818182,Reject
Paper2362,5.294117647058823,Reject
Paper2365,6.133333333333334,Accept
Paper2367,4.0,Reject
Paper2368,5.636363636363637,Reject
Paper2369,6.125,Reject
Paper237,6.166666666666667,Accept
Paper2370,5.636363636363637,Reject
Paper2373,6.0,Reject
Paper2374,5.6,Reject
Paper2375,3.875,Reject
Paper2376,3.8181818181818183,Reject
Paper2377,3.4705882352941178,Reject
Paper2378,5.866666666666666,Reject
Paper2380,4.0,Reject
Paper2383,7.285714285714286,Accept
Paper239,3.7777777777777777,Reject
Paper2390,3.5714285714285716,Reject
Paper2393,7.578947368421052,Accept
Paper2394,5.764705882352941,Accept
Paper2397,4.0,Reject
Paper2399,6.384615384615385,Accept
Paper2400,7.2,Accept
Paper2401,6.0625,Accept
Paper2402,6.9375,Accept
Paper2404,5.5,Reject
Paper2405,4.75,Reject
Paper2406,6.5,Accept
Paper2409,7.411764705882353,Accept
Paper241,6.153846153846154,Accept
Paper2410,5.6,Reject
Paper2411,3.3636363636363638,Reject
Paper2413,7.076923076923077,Accept
Paper2414,3.4,Reject
Paper2415,6.428571428571429,Accept
Paper2417,7.2631578947368425,Accept
Paper2421,7.076923076923077,Accept
Paper2422,5.777777777777778,Reject
Paper2424,5.533333333333333,Accept
Paper2426,4.9,Reject
Paper2427,4.571428571428571,Reject
Paper2429,6.0,Reject
Paper2431,5.230769230769231,Reject
Paper2432,5.75,Reject
Paper2433,3.3529411764705883,Reject
Paper2435,4.357142857142857,Reject
Paper2436,6.533333333333333,Accept
Paper2437,4.333333333333333,Reject
Paper2439,5.0,Reject
Paper2441,4.166666666666667,Reject
Paper2443,7.411764705882353,Accept
Paper2446,6.55,Reject
Paper2449,5.266666666666667,Reject
Paper2450,2.3846153846153846,Reject
Paper2454,5.466666666666667,Reject
Paper2456,3.5,Reject
Paper2457,4.411764705882353,Reject
Paper2458,5.0,Reject
Paper246,6.8,Accept
Paper2460,5.6875,Accept
Paper2461,4.846153846153846,Reject
Paper2467,4.095238095238095,Reject
Paper2472,6.476190476190476,Accept
Paper2474,5.555555555555555,Reject
Paper2476,7.428571428571429,Accept
Paper2477,5.2,Reject
Paper2478,6.461538461538462,Accept
Paper2479,6.5,Accept
Paper248,3.7142857142857144,Reject
Paper2484,3.8,Reject
Paper2485,7.529411764705882,Accept
Paper2488,6.0,Accept
Paper249,8.125,Accept
Paper2493,5.0,Reject
Paper2494,4.875,Reject
Paper2497,3.533333333333333,Reject
Paper2498,4.066666666666666,Reject
Paper25,6.333333333333333,Accept
Paper2500,4.857142857142857,Reject
Paper2502,5.3,Reject
Paper2503,4.8,Reject
Paper2504,7.2727272727272725,Accept
Paper2505,5.583333333333333,Reject
Paper2508,5.153846153846154,Reject
Paper251,7.454545454545454,Accept
Paper2511,3.0,Reject
Paper2512,5.5,Reject
Paper2513,6.0,Accept
Paper2516,5.25,Reject
Paper2518,4.625,Reject
Paper2520,4.2,Reject
Paper2521,3.642857142857143,Reject
Paper2522,5.25,Accept
Paper2523,6.0,Accept
Paper2525,3.6,Reject
Paper2527,5.230769230769231,Reject
Paper2530,6.714285714285714,Accept
Paper2532,3.5,Reject
Paper2533,4.428571428571429,Reject
Paper2538,3.4705882352941178,Reject
Paper2539,5.285714285714286,Reject
Paper2540,5.846153846153846,Reject
Paper2541,4.5625,Reject
Paper2545,5.071428571428571,Reject
Paper2548,5.25,Reject
Paper2549,5.857142857142857,Reject
Paper255,6.5,Accept
Paper2550,7.0,Accept
Paper2551,5.444444444444445,Reject
Paper2552,5.75,Reject
Paper2553,6.0,Reject
Paper2555,7.0,Accept
Paper2558,6.7368421052631575,Accept
Paper2559,4.052631578947368,Reject
Paper2560,6.421052631578948,Accept
Paper2561,6.0,Accept
Paper2563,4.428571428571429,Reject
Paper2564,4.642857142857143,Reject
Paper2565,4.4,Reject
Paper2566,6.7,Reject
Paper2569,5.642857142857143,Reject
Paper257,6.266666666666667,Accept
Paper2570,6.0,Reject
Paper2571,5.933333333333334,Accept
Paper2575,5.5,Reject
Paper2576,5.105263157894737,Reject
Paper2580,7.076923076923077,Accept
Paper2582,8.0,Accept
Paper2584,6.333333333333333,Accept
Paper2587,3.5,Reject
Paper2588,6.0,Accept
Paper2592,4.444444444444445,Reject
Paper2594,5.071428571428571,Reject
Paper2595,7.4375,Accept
Paper2596,5.076923076923077,Reject
Paper2598,4.230769230769231,Reject
Paper2599,5.0,Reject
Paper260,6.571428571428571,Accept
Paper2600,5.5,Reject
Paper2601,6.0,Accept
Paper2602,6.0,Accept
Paper2603,3.2857142857142856,Reject
Paper2608,6.0,Accept
Paper2609,2.5,Reject
Paper261,2.375,Reject
Paper2610,5.416666666666667,Reject
Paper2613,7.529411764705882,Accept
Paper2614,6.0,Accept
Paper2615,6.666666666666667,Accept
Paper2616,3.4,Reject
Paper2618,3.0,Reject
Paper262,1.7058823529411764,Reject
Paper2620,7.571428571428571,Accept
Paper2622,3.933333333333333,Reject
Paper2626,5.785714285714286,Reject
Paper2627,5.333333333333333,Reject
Paper2628,3.0,Reject
Paper2629,6.25,Accept
Paper263,3.0,Reject
Paper2630,6.0,Accept
Paper2631,5.384615384615385,Reject
Paper2632,5.133333333333334,Reject
Paper2634,5.133333333333334,Reject
Paper2637,6.0,Accept
Paper2638,6.625,Accept
Paper264,5.266666666666667,Reject
Paper2640,5.466666666666667,Reject
Paper2644,4.529411764705882,Reject
Paper2645,8.0,Accept
Paper2647,5.9411764705882355,Accept
Paper2648,6.875,Accept
Paper2649,6.357142857142857,Accept
Paper265,5.7272727272727275,Accept
Paper2652,3.588235294117647,Reject
Paper2658,5.636363636363637,Accept
Paper2659,3.0,Reject
Paper2660,8.0,Accept
Paper2661,5.722222222222222,Accept
Paper2673,3.5625,Reject
Paper2677,4.6,Reject
Paper2678,8.0,Accept
Paper2680,6.133333333333334,Accept
Paper2681,5.0,Reject
Paper2682,4.25,Reject
Paper2683,4.125,Reject
Paper2684,5.571428571428571,Reject
Paper2686,4.2727272727272725,Reject
Paper2688,5.933333333333334,Reject
Paper2689,6.866666666666666,Accept
Paper269,4.615384615384615,Reject
Paper2690,4.166666666666667,Reject
Paper2693,4.75,Reject
Paper2694,6.923076923076923,Accept
Paper2697,4.695652173913044,Reject
Paper2699,6.0,Accept
Paper27,3.75,Reject
Paper270,4.117647058823529,Reject
Paper2700,6.0,Accept
Paper2701,4.928571428571429,Reject
Paper2702,7.076923076923077,Accept
Paper2703,5.666666666666667,Reject
Paper2704,4.545454545454546,Reject
Paper2705,4.666666666666667,Reject
Paper2706,6.181818181818182,Accept
Paper2707,6.117647058823529,Accept
Paper271,4.6,Reject
Paper2711,7.538461538461538,Accept
Paper2712,3.5,Reject
Paper2713,4.615384615384615,Reject
Paper2715,3.6,Reject
Paper2716,4.866666666666666,Reject
Paper2719,4.785714285714286,Reject
Paper272,6.0,Accept
Paper2721,4.0,Reject
Paper2724,6.363636363636363,Accept
Paper2726,4.888888888888889,Reject
Paper2728,5.615384615384615,Reject
Paper273,6.933333333333334,Accept
Paper2732,3.0,Reject
Paper2734,4.666666666666667,Reject
Paper2736,6.533333333333333,Accept
Paper2737,5.733333333333333,Reject
Paper2739,7.0,Accept
Paper274,6.2,Accept
Paper2740,5.428571428571429,Accept
Paper2741,5.285714285714286,Reject
Paper2742,6.352941176470588,Accept
Paper2745,4.133333333333334,Reject
Paper2749,6.357142857142857,Accept
Paper2750,7.333333333333333,Accept
Paper2756,6.5,Accept
Paper2757,5.764705882352941,Accept
Paper2759,3.6,Reject
Paper2760,3.9523809523809526,Reject
Paper2761,4.363636363636363,Reject
Paper2763,6.15,Accept
Paper2764,5.470588235294118,Reject
Paper2767,5.0625,Reject
Paper2769,6.0,Accept
Paper277,5.363636363636363,Reject
Paper2772,1.9473684210526316,Reject
Paper2773,7.384615384615385,Accept
Paper2774,6.2,Accept
Paper2775,3.2857142857142856,Reject
Paper2776,7.3076923076923075,Accept
Paper2777,6.5,Accept
Paper2778,4.75,Reject
Paper2779,5.0,Reject
Paper2785,4.529411764705882,Reject
Paper2787,4.6,Reject
Paper2790,6.461538461538462,Accept
Paper2791,4.928571428571429,Reject
Paper2792,5.875,Accept
Paper2795,3.5454545454545454,Reject
Paper2796,4.733333333333333,Reject
Paper2798,4.0625,Reject
Paper2799,6.7,Accept
Paper280,6.153846153846154,Reject
Paper2801,6.916666666666667,Accept
Paper2802,3.0,Reject
Paper2803,6.636363636363637,Reject
Paper2804,6.214285714285714,Accept
Paper2807,3.0,Reject
Paper2808,5.266666666666667,Reject
Paper2809,4.0,Accept
Paper281,7.6,Accept
Paper2810,5.588235294117647,Accept
Paper2812,5.0,Reject
Paper2813,4.75,Reject
Paper2814,6.666666666666667,Accept
Paper2815,4.222222222222222,Reject
Paper2816,6.625,Reject
Paper2817,3.6666666666666665,Reject
Paper2819,8.5,Accept
Paper282,5.7,Accept
Paper2820,5.461538461538462,Reject
Paper2821,7.3076923076923075,Accept
Paper2822,3.6666666666666665,Reject
Paper2825,2.411764705882353,Reject
Paper2829,6.5,Accept
Paper283,5.333333333333333,Reject
Paper2831,6.0,Accept
Paper2832,4.0,Reject
Paper2835,6.545454545454546,Accept
Paper2836,6.117647058823529,Reject
Paper2838,5.2105263157894735,Reject
Paper284,8.0,Accept
Paper2842,4.625,Reject
Paper2845,6.588235294117647,Accept
Paper2846,3.5625,Reject
Paper2848,3.0625,Reject
Paper2851,6.533333333333333,Accept
Paper2853,8.0,Accept
Paper2855,5.818181818181818,Accept
Paper2856,7.454545454545454,Accept
Paper2857,5.647058823529412,Accept
Paper2859,7.384615384615385,Accept
Paper286,5.428571428571429,Reject
Paper2860,4.8,Reject
Paper2861,6.352941176470588,Accept
Paper2862,4.866666666666666,Reject
Paper2864,7.571428571428571,Reject
Paper2865,6.266666666666667,Reject
Paper2866,5.428571428571429,Reject
Paper2867,5.529411764705882,Accept
Paper287,8.133333333333333,Accept
Paper2870,5.0,Reject
Paper2872,3.0,Reject
Paper2873,6.0,Reject
Paper2875,6.7272727272727275,Accept
Paper2877,8.571428571428571,Accept
Paper2878,6.857142857142857,Reject
Paper2879,5.5,Accept
Paper288,5.416666666666667,Reject
Paper2882,6.0,Accept
Paper2883,4.933333333333334,Reject
Paper2884,5.214285714285714,Reject
Paper2889,7.5,Accept
Paper2890,6.0,Reject
Paper2891,6.266666666666667,Accept
Paper2892,5.0,Reject
Paper2894,5.5,Reject
Paper2897,3.857142857142857,Reject
Paper2898,5.176470588235294,Reject
Paper2901,5.8,Reject
Paper2903,4.6,Reject
Paper2904,7.0588235294117645,Accept
Paper2905,5.777777777777778,Accept
Paper2907,3.4705882352941178,Reject
Paper2908,4.090909090909091,Reject
Paper2911,5.733333333333333,Reject
Paper2912,4.545454545454546,Reject
Paper2917,5.5625,Reject
Paper2918,7.5,Accept
Paper292,4.0588235294117645,Reject
Paper2920,5.0,Reject
Paper2921,5.2727272727272725,Reject
Paper2923,4.625,Reject
Paper2925,6.8,Accept
Paper2929,5.3076923076923075,Accept
Paper293,3.4705882352941178,Reject
Paper2930,4.111111111111111,Reject
Paper2931,5.0,Reject
Paper2932,4.333333333333333,Reject
Paper2934,7.466666666666667,Accept
Paper2937,6.4,Accept
Paper2938,1.5,Reject
Paper2939,6.333333333333333,Accept
Paper2940,5.764705882352941,Reject
Paper2941,6.384615384615385,Accept
Paper2942,2.0588235294117645,Reject
Paper2943,6.0,Reject
Paper2944,5.461538461538462,Reject
Paper2945,3.888888888888889,Reject
Paper2947,4.571428571428571,Reject
Paper2949,4.769230769230769,Reject
Paper2950,5.461538461538462,Accept
Paper2953,3.6666666666666665,Reject
Paper2957,6.4,Accept
Paper2958,5.266666666666667,Reject
Paper2959,6.0,Reject
Paper2961,6.142857142857143,Accept
Paper2963,4.071428571428571,Reject
Paper2964,6.090909090909091,Accept
Paper2965,5.8,Accept
Paper2967,4.833333333333333,Reject
Paper2968,7.571428571428571,Accept
Paper2970,5.2,Reject
Paper2974,6.5,Accept
Paper2975,6.666666666666667,Accept
Paper2977,6.454545454545454,Accept
Paper2978,5.733333333333333,Reject
Paper2979,4.571428571428571,Reject
Paper298,5.0,Reject
Paper2980,4.125,Reject
Paper2981,6.0,Reject
Paper2982,3.0,Reject
Paper2983,6.375,Accept
Paper2986,5.0,Reject
Paper2987,6.384615384615385,Reject
Paper2990,3.5,Reject
Paper2991,5.294117647058823,Reject
Paper2992,6.461538461538462,Accept
Paper2994,4.076923076923077,Reject
Paper2996,6.0,Accept
Paper2998,6.0,Accept
Paper2999,3.5,Reject
Paper30,6.933333333333334,Accept
Paper300,4.933333333333334,Reject
Paper3000,3.0,Reject
Paper3001,2.411764705882353,Reject
Paper3003,5.466666666666667,Reject
Paper3007,6.5,Accept
Paper3008,4.846153846153846,Reject
Paper301,4.733333333333333,Reject
Paper3011,8.0,Accept
Paper3012,6.0,Accept
Paper3013,3.8,Reject
Paper3016,6.666666666666667,Accept
Paper3018,4.529411764705882,Reject
Paper3019,4.75,Reject
Paper3020,7.333333333333333,Accept
Paper3021,5.416666666666667,Reject
Paper3023,5.588235294117647,Accept
Paper3025,6.923076923076923,Accept
Paper3026,6.25,Accept
Paper3027,7.25,Accept
Paper3029,6.384615384615385,Reject
Paper3030,6.571428571428571,Accept
Paper3031,6.0,Accept
Paper3032,4.7368421052631575,Reject
Paper3033,7.066666666666666,Accept
Paper3034,4.583333333333333,Accept
Paper3038,6.333333333333333,Accept
Paper3040,4.882352941176471,Reject
Paper3041,3.8181818181818183,Reject
Paper3042,5.2631578947368425,Accept
Paper3043,3.375,Reject
Paper3044,4.7894736842105265,Reject
Paper3046,6.769230769230769,Accept
Paper3047,6.0,Reject
Paper3048,6.352941176470588,Reject
Paper305,4.133333333333334,Reject
Paper3050,5.125,Reject
Paper3051,5.75,Accept
Paper3052,5.076923076923077,Reject
Paper3053,4.533333333333333,Reject
Paper3054,5.769230769230769,Accept
Paper3055,4.454545454545454,Reject
Paper3058,4.166666666666667,Reject
Paper3061,3.0,Reject
Paper3062,6.3076923076923075,Accept
Paper3063,6.461538461538462,Accept
Paper3064,6.933333333333334,Accept
Paper3067,6.055555555555555,Accept
Paper3068,5.769230769230769,Accept
Paper3069,3.9375,Reject
Paper3071,7.333333333333333,Accept
Paper3075,4.117647058823529,Reject
Paper3077,7.571428571428571,Accept
Paper3082,7.066666666666666,Accept
Paper3083,6.454545454545454,Accept
Paper3085,5.2,Reject
Paper3086,5.578947368421052,Reject
Paper3087,4.928571428571429,Reject
Paper3089,5.642857142857143,Reject
Paper309,3.923076923076923,Reject
Paper3092,5.076923076923077,Reject
Paper3094,4.928571428571429,Accept
Paper3095,6.066666666666666,Reject
Paper3096,6.3076923076923075,Accept
Paper31,5.785714285714286,Accept
Paper310,5.357142857142857,Accept
Paper3101,4.157894736842105,Reject
Paper3102,3.0,Reject
Paper3103,4.111111111111111,Reject
Paper3104,7.428571428571429,Accept
Paper3105,3.0,Reject
Paper3106,3.857142857142857,Reject
Paper3111,3.0,Reject
Paper3112,5.571428571428571,Accept
Paper3113,8.0,Accept
Paper3114,4.153846153846154,Reject
Paper3115,3.909090909090909,Reject
Paper3116,2.5714285714285716,Reject
Paper3117,5.75,Accept
Paper3118,2.2857142857142856,Reject
Paper3119,4.444444444444445,Reject
Paper3122,7.25,Accept
Paper3125,4.0,Reject
Paper3127,4.2,Reject
Paper3128,5.153846153846154,Accept
Paper3129,6.214285714285714,Accept
Paper313,7.454545454545454,Accept
Paper3132,4.0,Reject
Paper3133,5.470588235294118,Accept
Paper3134,5.25,Reject
Paper3135,3.588235294117647,Reject
Paper3136,3.923076923076923,Reject
Paper314,7.25,Accept
Paper3141,6.823529411764706,Accept
Paper3142,5.2,Reject
Paper3144,5.357142857142857,Reject
Paper3150,3.923076923076923,Reject
Paper3151,4.2727272727272725,Reject
Paper3152,3.0,Reject
Paper3154,4.555555555555555,Reject
Paper3155,4.9375,Accept
Paper3158,3.769230769230769,Reject
Paper3160,5.5,Reject
Paper3161,5.0,Reject
Paper3165,3.090909090909091,Reject
Paper3166,6.333333333333333,Accept
Paper317,6.666666666666667,Accept
Paper3171,2.8333333333333335,Reject
Paper3173,8.2,Accept
Paper3174,5.6923076923076925,Reject
Paper3175,4.0,Reject
Paper3176,6.0,Reject
Paper3179,5.6923076923076925,Reject
Paper3180,5.615384615384615,Reject
Paper3181,5.0,Accept
Paper3195,5.363636363636363,Reject
Paper3196,4.157894736842105,Reject
Paper3197,6.545454545454546,Accept
Paper3198,4.35,Reject
Paper3199,5.166666666666667,Reject
Paper3200,1.9411764705882353,Reject
Paper3201,6.769230769230769,Accept
Paper3202,5.285714285714286,Reject
Paper3203,4.333333333333333,Reject
Paper3204,5.1,Reject
Paper3205,5.0,Reject
Paper3208,5.0,Reject
Paper3210,6.25,Accept
Paper3211,4.4,Reject
Paper3212,1.7142857142857142,Reject
Paper3215,2.888888888888889,Reject
Paper3216,5.923076923076923,Accept
Paper3217,7.315789473684211,Accept
Paper3219,5.333333333333333,Reject
Paper322,4.615384615384615,Reject
Paper3222,3.2857142857142856,Reject
Paper3225,5.0,Reject
Paper3226,4.923076923076923,Reject
Paper3228,5.153846153846154,Reject
Paper3231,3.4285714285714284,Reject
Paper3232,3.4285714285714284,Reject
Paper3233,2.272727272727273,Reject
Paper3235,5.466666666666667,Reject
Paper3236,5.470588235294118,Reject
Paper3237,3.4615384615384617,Reject
Paper3238,3.75,Reject
Paper3240,5.2,Reject
Paper3241,6.066666666666666,Reject
Paper3242,3.0,Reject
Paper3247,6.333333333333333,Accept
Paper3249,2.411764705882353,Reject
Paper3253,4.2,Reject
Paper3254,6.0,Accept
Paper3257,5.470588235294118,Reject
Paper3258,3.8333333333333335,Reject
Paper326,7.0,Accept
Paper3260,8.833333333333334,Accept
Paper3261,6.933333333333334,Accept
Paper3262,5.230769230769231,Reject
Paper3263,5.25,Reject
Paper3264,3.933333333333333,Reject
Paper3266,4.571428571428571,Reject
Paper3268,5.8,Reject
Paper3270,6.666666666666667,Reject
Paper3272,4.533333333333333,Reject
Paper3273,5.5,Reject
Paper3275,6.461538461538462,Accept
Paper3276,3.5625,Reject
Paper3277,3.8823529411764706,Reject
Paper3278,8.0,Accept
Paper328,5.5,Reject
Paper3280,4.4,Reject
Paper3282,8.0,Accept
Paper3283,4.705882352941177,Reject
Paper3285,6.0,Accept
Paper3286,4.5,Reject
Paper3287,6.0,Accept
Paper3289,5.923076923076923,Reject
Paper329,3.8,Reject
Paper3290,4.916666666666667,Reject
Paper3291,3.8181818181818183,Reject
Paper3293,6.352941176470588,Accept
Paper3295,6.545454545454546,Accept
Paper3296,3.5714285714285716,Reject
Paper3297,5.857142857142857,Reject
Paper3298,6.0,Accept
Paper330,4.533333333333333,Reject
Paper3302,4.0,Reject
Paper3303,6.647058823529412,Accept
Paper3304,7.0,Accept
Paper3305,5.642857142857143,Accept
Paper3307,6.071428571428571,Reject
Paper331,4.545454545454546,Reject
Paper3311,7.3076923076923075,Accept
Paper3312,6.666666666666667,Accept
Paper3313,4.0,Reject
Paper3314,4.25,Reject
Paper3315,4.333333333333333,Reject
Paper3316,4.928571428571429,Reject
Paper3318,5.363636363636363,Reject
Paper332,5.75,Accept
Paper3321,4.857142857142857,Reject
Paper3325,5.0,Reject
Paper3328,6.888888888888889,Accept
Paper333,5.611111111111111,Accept
Paper3331,5.5,Accept
Paper3332,4.733333333333333,Reject
Paper3333,6.352941176470588,Reject
Paper3334,5.7,Reject
Paper3337,3.75,Reject
Paper3338,2.3333333333333335,Reject
Paper334,5.714285714285714,Accept
Paper3341,8.0,Accept
Paper3342,5.466666666666667,Reject
Paper3344,6.666666666666667,Accept
Paper3346,6.133333333333334,Accept
Paper3347,2.6923076923076925,Reject
Paper3348,4.733333333333333,Reject
Paper3351,4.933333333333334,Reject
Paper3353,5.0,Reject
Paper3355,6.266666666666667,Accept
Paper3357,6.923076923076923,Accept
Paper3358,8.588235294117647,Accept
Paper3361,3.6,Reject
Paper3362,5.428571428571429,Reject
Paper3363,6.0,Accept
Paper3364,6.2,Reject
Paper3365,5.133333333333334,Accept
Paper3366,4.3076923076923075,Reject
Paper3368,5.866666666666666,Accept
Paper3369,4.142857142857143,Reject
Paper3371,6.0,Accept
Paper3373,6.333333333333333,Accept
Paper3374,5.8,Reject
Paper3376,4.333333333333333,Reject
Paper3377,5.285714285714286,Accept
Paper3379,6.388888888888889,Accept
Paper3382,6.533333333333333,Accept
Paper3384,5.476190476190476,Reject
Paper3385,6.666666666666667,Accept
Paper3386,3.4,Reject
Paper3388,4.363636363636363,Reject
Paper3389,3.411764705882353,Reject
Paper339,4.882352941176471,Reject
Paper3390,8.0,Accept
Paper3394,4.461538461538462,Reject
Paper3397,7.5,Accept
Paper34,7.466666666666667,Accept
Paper3402,6.181818181818182,Reject
Paper3403,8.0,Accept
Paper3405,6.0,Accept
Paper3406,4.0,Reject
Paper3407,6.6875,Accept
Paper3408,5.230769230769231,Reject
Paper3409,4.6875,Reject
Paper3411,5.333333333333333,Reject
Paper3413,4.222222222222222,Reject
Paper3414,2.5294117647058822,Reject
Paper3416,5.466666666666667,Reject
Paper3417,5.5625,Reject
Paper3418,6.181818181818182,Reject
Paper3422,4.411764705882353,Reject
Paper3424,3.533333333333333,Reject
Paper3425,3.0,Reject
Paper3426,6.8,Accept
Paper3427,3.4,Reject
Paper3428,4.071428571428571,Reject
Paper3429,5.285714285714286,Reject
Paper3432,6.333333333333333,Accept
Paper3433,4.2727272727272725,Reject
Paper3434,5.277777777777778,Reject
Paper3437,4.285714285714286,Reject
Paper344,8.0,Accept
Paper3441,5.2727272727272725,Reject
Paper3443,5.352941176470588,Reject
Paper3446,4.25,Reject
Paper3449,3.9,Reject
Paper345,6.666666666666667,Accept
Paper3452,5.333333333333333,Accept
Paper3453,3.857142857142857,Reject
Paper3454,4.529411764705882,Reject
Paper3457,5.428571428571429,Reject
Paper3458,7.294117647058823,Accept
Paper346,5.6923076923076925,Accept
Paper3461,6.333333333333333,Accept
Paper3463,5.5,Reject
Paper3465,5.333333333333333,Reject
Paper3467,4.4,Reject
Paper347,4.071428571428571,Reject
Paper3473,6.133333333333334,Accept
Paper3475,6.5,Accept
Paper3477,4.0,Reject
Paper348,6.363636363636363,Accept
Paper3481,5.066666666666666,Reject
Paper3482,7.571428571428571,Accept
Paper349,6.722222222222222,Accept
Paper3490,6.142857142857143,Reject
Paper3495,5.333333333333333,Reject
Paper3498,4.0625,Reject
Paper350,6.8,Accept
Paper3507,4.8,Reject
Paper351,6.4,Accept
Paper3510,3.7142857142857144,Reject
Paper3511,5.0,Reject
Paper3517,6.9375,Accept
Paper3519,7.066666666666666,Accept
Paper352,8.0,Accept
Paper3521,8.0,Accept
Paper3523,7.230769230769231,Accept
Paper3526,8.0,Accept
Paper3527,5.615384615384615,Accept
Paper3528,6.0,Reject
Paper3529,5.722222222222222,Reject
Paper353,6.2727272727272725,Accept
Paper3530,3.5,Reject
Paper3532,4.176470588235294,Reject
Paper3533,4.071428571428571,Reject
Paper3534,5.0,Reject
Paper3536,5.733333333333333,Accept
Paper3537,4.052631578947368,Reject
Paper3542,6.7272727272727275,Accept
Paper3546,5.461538461538462,Reject
Paper3547,6.5,Accept
Paper3549,5.714285714285714,Accept
Paper355,4.666666666666667,Reject
Paper3550,6.933333333333334,Accept
Paper3551,4.333333333333333,Reject
Paper3552,5.071428571428571,Reject
Paper3553,7.0,Accept
Paper3554,6.142857142857143,Reject
Paper3555,5.571428571428571,Accept
Paper3558,6.533333333333333,Accept
Paper3559,6.571428571428571,Accept
Paper356,4.928571428571429,Reject
Paper3567,6.545454545454546,Accept
Paper3569,3.3333333333333335,Reject
Paper357,6.375,Accept
Paper3571,5.333333333333333,Reject
Paper3572,7.166666666666667,Accept
Paper3574,3.823529411764706,Reject
Paper3577,6.230769230769231,Reject
Paper358,3.5714285714285716,Reject
Paper3580,2.7333333333333334,Reject
Paper3581,4.0588235294117645,Reject
Paper3582,6.25,Accept
Paper3584,7.454545454545454,Accept
Paper3586,5.4,Reject
Paper3593,5.3076923076923075,Reject
Paper3594,5.3,Reject
Paper3595,5.5,Accept
Paper3596,5.6,Reject
Paper3597,8.0,Accept
Paper3598,5.333333333333333,Reject
Paper3599,6.357142857142857,Accept
Paper36,4.785714285714286,Reject
Paper3601,4.071428571428571,Reject
Paper3604,5.153846153846154,Reject
Paper3605,6.5,Accept
Paper3606,4.857142857142857,Reject
Paper3607,4.384615384615385,Reject
Paper3608,6.75,Accept
Paper3609,5.933333333333334,Accept
Paper361,5.769230769230769,Reject
Paper3613,6.266666666666667,Accept
Paper3615,4.444444444444445,Reject
Paper3616,5.3,Reject
Paper3618,5.214285714285714,Reject
Paper3619,5.5625,Reject
Paper362,3.5454545454545454,Reject
Paper3623,4.733333333333333,Reject
Paper3624,3.642857142857143,Reject
Paper3625,7.157894736842105,Accept
Paper3632,5.25,Reject
Paper3635,5.733333333333333,Reject
Paper3638,6.4,Accept
Paper3639,6.5,Accept
Paper364,3.857142857142857,Reject
Paper3642,3.875,Reject
Paper3647,6.0,Accept
Paper3648,6.090909090909091,Reject
Paper3653,7.466666666666667,Accept
Paper3655,6.533333333333333,Accept
Paper3656,5.277777777777778,Reject
Paper3658,4.411764705882353,Reject
Paper366,7.333333333333333,Accept
Paper3660,3.0,Reject
Paper3661,3.727272727272727,Reject
Paper3662,5.222222222222222,Reject
Paper3664,7.090909090909091,Accept
Paper3665,5.470588235294118,Accept
Paper3666,3.5,Reject
Paper3669,5.411764705882353,Reject
Paper367,7.538461538461538,Accept
Paper3672,5.0,Reject
Paper3674,4.3076923076923075,Reject
Paper3675,1.3333333333333333,Reject
Paper3678,3.0,Reject
Paper368,7.5,Accept
Paper3684,7.157894736842105,Accept
Paper3685,5.142857142857143,Reject
Paper3688,4.764705882352941,Reject
Paper3689,3.375,Reject
Paper369,4.6875,Reject
Paper3692,1.6666666666666667,Reject
Paper3693,5.5,Reject
Paper3694,6.933333333333334,Accept
Paper3698,5.266666666666667,Reject
Paper3699,4.642857142857143,Reject
Paper370,6.909090909090909,Accept
Paper3702,4.333333333333333,Reject
Paper3703,4.142857142857143,Reject
Paper3704,4.571428571428571,Reject
Paper3706,4.071428571428571,Reject
Paper3712,6.714285714285714,Accept
Paper3713,5.25,Reject
Paper3715,3.8181818181818183,Reject
Paper3719,6.25,Accept
Paper372,6.25,Accept
Paper3721,6.0,Reject
Paper3723,5.142857142857143,Accept
Paper3724,4.647058823529412,Reject
Paper3725,2.8461538461538463,Reject
Paper3728,6.2,Accept
Paper3731,3.0,Reject
Paper3736,6.857142857142857,Accept
Paper3738,5.157894736842105,Reject
Paper3741,7.0,Accept
Paper3742,5.235294117647059,Reject
Paper3745,5.352941176470588,Reject
Paper3748,5.0,Reject
Paper375,6.0,Accept
Paper3756,4.75,Reject
Paper3759,4.076923076923077,Reject
Paper376,5.9,Reject
Paper3760,3.3636363636363638,Reject
Paper3761,5.7272727272727275,Accept
Paper3762,6.733333333333333,Accept
Paper3763,8.0,Accept
Paper3766,1.875,Reject
Paper3768,5.142857142857143,Reject
Paper3769,3.923076923076923,Reject
Paper3772,6.0,Accept
Paper3774,4.352941176470588,Reject
Paper3775,5.214285714285714,Reject
Paper3780,6.0,Reject
Paper3783,3.4615384615384617,Reject
Paper3784,5.4,Reject
Paper3786,6.0,Accept
Paper3787,6.75,Accept
Paper3788,6.235294117647059,Accept
Paper3789,4.75,Reject
Paper379,6.333333333333333,Accept
Paper3791,5.529411764705882,Reject
Paper3794,6.0,Accept
Paper3795,5.666666666666667,Reject
Paper3796,5.538461538461538,Accept
Paper3797,7.333333333333333,Accept
Paper3799,3.5,Reject
Paper3800,7.571428571428571,Accept
Paper3802,3.875,Reject
Paper3805,5.461538461538462,Reject
Paper3807,5.4,Reject
Paper3808,3.4285714285714284,Reject
Paper3809,3.6923076923076925,Reject
Paper3810,6.769230769230769,Accept
Paper3812,5.0,Reject
Paper3813,4.933333333333334,Reject
Paper3816,6.0,Reject
Paper3817,4.333333333333333,Reject
Paper3818,5.714285714285714,Reject
Paper3819,5.352941176470588,Reject
Paper382,4.8,Reject
Paper3823,2.875,Reject
Paper3825,5.9375,Accept
Paper3826,6.7272727272727275,Accept
Paper3828,7.2105263157894735,Accept
Paper3830,7.066666666666666,Accept
Paper3831,6.75,Accept
Paper3832,6.0,Accept
Paper3833,4.666666666666667,Reject
Paper3834,4.533333333333333,Reject
Paper3835,3.933333333333333,Reject
Paper3836,7.4,Accept
Paper3837,6.25,Accept
Paper3838,2.8333333333333335,Reject
Paper3839,5.9,Accept
Paper384,2.2,Reject
Paper3842,4.5,Reject
Paper3847,3.769230769230769,Reject
Paper3848,7.5,Accept
Paper385,4.111111111111111,Reject
Paper3853,7.0,Accept
Paper3856,6.0,Accept
Paper3857,4.933333333333334,Reject
Paper3858,5.5,Reject
Paper3859,5.363636363636363,Reject
Paper3861,7.5,Accept
Paper3866,6.266666666666667,Accept
Paper3868,7.294117647058823,Accept
Paper3869,4.947368421052632,Reject
Paper387,6.111111111111111,Accept
Paper3870,7.066666666666666,Accept
Paper3871,3.923076923076923,Reject
Paper3872,8.0,Accept
Paper3873,3.4615384615384617,Reject
Paper3876,7.230769230769231,Accept
Paper3877,6.461538461538462,Accept
Paper3879,6.875,Accept
Paper388,6.214285714285714,Accept
Paper3881,5.3076923076923075,Reject
Paper3882,6.833333333333333,Accept
Paper3883,5.363636363636363,Reject
Paper3885,7.2727272727272725,Accept
Paper3887,5.75,Accept
Paper3889,6.0,Accept
Paper389,6.533333333333333,Accept
Paper3890,6.7272727272727275,Accept
Paper3891,5.153846153846154,Reject
Paper3893,6.153846153846154,Reject
Paper3894,4.769230769230769,Reject
Paper3896,4.2,Reject
Paper3899,2.4,Reject
Paper39,5.5,Accept
Paper3900,3.3529411764705883,Reject
Paper3901,5.363636363636363,Reject
Paper3902,6.117647058823529,Accept
Paper3903,7.428571428571429,Accept
Paper3904,5.75,Accept
Paper3906,4.769230769230769,Reject
Paper3907,7.2,Accept
Paper391,4.333333333333333,Reject
Paper3910,6.142857142857143,Accept
Paper3911,5.928571428571429,Accept
Paper3912,6.7272727272727275,Accept
Paper3918,4.555555555555555,Reject
Paper3919,3.0,Reject
Paper392,6.470588235294118,Accept
Paper3920,6.933333333333334,Accept
Paper3921,6.0,Accept
Paper3922,5.428571428571429,Reject
Paper3925,8.0,Accept
Paper3926,3.6153846153846154,Reject
Paper3927,5.4,Reject
Paper3928,6.461538461538462,Accept
Paper3929,7.2727272727272725,Accept
Paper3930,7.4,Accept
Paper3931,6.666666666666667,Accept
Paper3932,4.0,Reject
Paper3935,7.0,Accept
Paper3936,6.0,Reject
Paper3937,6.428571428571429,Accept
Paper3938,3.75,Reject
Paper3939,4.857142857142857,Reject
Paper394,4.266666666666667,Reject
Paper3944,6.7272727272727275,Accept
Paper3946,5.333333333333333,Reject
Paper3948,4.866666666666666,Reject
Paper3949,8.0,Accept
Paper3950,6.125,Reject
Paper3953,4.823529411764706,Reject
Paper3955,6.588235294117647,Accept
Paper3956,5.0625,Reject
Paper3959,6.133333333333334,Accept
Paper396,7.1,Accept
Paper3963,6.555555555555555,Accept
Paper3964,4.857142857142857,Reject
Paper3966,4.529411764705882,Reject
Paper3968,7.571428571428571,Accept
Paper3969,5.0,Reject
Paper3972,8.0,Accept
Paper3973,5.230769230769231,Reject
Paper3977,5.214285714285714,Reject
Paper3978,4.2727272727272725,Reject
Paper398,6.0,Accept
Paper3981,4.857142857142857,Reject
Paper3982,3.0,Reject
Paper3983,6.0,Accept
Paper3985,4.947368421052632,Reject
Paper3988,5.3076923076923075,Accept
Paper3989,8.0,Accept
Paper3990,7.066666666666666,Accept
Paper3993,6.333333333333333,Accept
Paper3994,5.5,Accept
Paper3996,5.4,Reject
Paper3997,5.636363636363637,Reject
Paper3999,5.142857142857143,Reject
Paper4,8.0,Accept
Paper40,6.428571428571429,Accept
Paper4000,4.6,Reject
Paper4001,6.6,Reject
Paper4002,5.75,Reject
Paper4003,5.809523809523809,Accept
Paper4005,6.470588235294118,Accept
Paper4007,5.214285714285714,Reject
Paper4008,5.928571428571429,Accept
Paper401,6.0,Reject
Paper4011,7.0,Accept
Paper4013,6.8,Accept
Paper4016,5.523809523809524,Reject
Paper4017,5.0,Reject
Paper4019,5.588235294117647,Reject
Paper402,6.933333333333334,Accept
Paper4020,6.0,Accept
Paper4022,5.583333333333333,Reject
Paper4023,2.111111111111111,Reject
Paper4026,5.25,Reject
Paper4028,5.571428571428571,Reject
Paper4032,7.384615384615385,Accept
Paper4034,5.722222222222222,Reject
Paper4035,7.142857142857143,Accept
Paper4036,4.111111111111111,Reject
Paper4038,5.0,Reject
Paper4039,8.0,Accept
Paper404,5.0625,Reject
Paper4041,4.6,Reject
Paper4042,6.277777777777778,Accept
Paper4044,4.5,Reject
Paper4045,5.0,Reject
Paper4046,5.642857142857143,Reject
Paper4047,6.545454545454546,Accept
Paper4049,5.214285714285714,Accept
Paper405,6.111111111111111,Reject
Paper4051,5.266666666666667,Reject
Paper4053,5.714285714285714,Reject
Paper4054,5.714285714285714,Reject
Paper4055,7.0,Reject
Paper4056,6.823529411764706,Accept
Paper406,6.5,Accept
Paper4060,7.076923076923077,Accept
Paper4061,3.4705882352941178,Reject
Paper4063,5.285714285714286,Reject
Paper4064,5.5,Accept
Paper4065,3.0,Reject
Paper4068,7.333333333333333,Accept
Paper407,6.428571428571429,Accept
Paper4071,4.315789473684211,Reject
Paper4073,4.0,Reject
Paper4075,5.5,Reject
Paper4076,5.866666666666666,Reject
Paper4077,6.666666666666667,Accept
Paper4078,6.2,Accept
Paper4080,4.285714285714286,Reject
Paper4081,7.454545454545454,Accept
Paper4084,4.176470588235294,Reject
Paper4086,4.8,Reject
Paper4087,4.2,Reject
Paper4089,1.0,Reject
Paper409,6.071428571428571,Accept
Paper4090,2.5294117647058822,Reject
Paper4094,5.266666666666667,Reject
Paper4095,6.071428571428571,Accept
Paper4097,3.4444444444444446,Reject
Paper4098,4.5,Reject
Paper410,6.6,Accept
Paper4101,6.75,Accept
Paper4102,6.714285714285714,Accept
Paper4103,7.333333333333333,Accept
Paper4105,5.882352941176471,Accept
Paper411,8.0,Accept
Paper4111,5.1875,Reject
Paper4115,3.5,Reject
Paper4117,6.571428571428571,Accept
Paper412,2.8,Reject
Paper4120,5.4,Reject
Paper4124,5.2727272727272725,Reject
Paper4125,5.75,Accept
Paper4126,3.8,Reject
Paper4127,9.2,Accept
Paper4128,3.933333333333333,Reject
Paper4129,4.5,Reject
Paper4131,6.352941176470588,Accept
Paper4133,4.133333333333334,Reject
Paper4134,4.428571428571429,Reject
Paper4135,6.5,Accept
Paper4136,4.933333333333334,Reject
Paper4137,7.466666666666667,Accept
Paper4142,6.666666666666667,Accept
Paper4144,6.444444444444445,Accept
Paper4145,6.0,Reject
Paper4146,3.533333333333333,Reject
Paper4147,5.666666666666667,Reject
Paper4148,5.714285714285714,Accept
Paper4149,5.9375,Reject
Paper415,3.0,Reject
Paper4153,6.461538461538462,Accept
Paper4154,5.583333333333333,Accept
Paper4155,6.625,Accept
Paper4157,6.0,Reject
Paper4159,4.809523809523809,Reject
Paper416,5.6923076923076925,Accept
Paper4160,5.3076923076923075,Reject
Paper4161,6.615384615384615,Accept
Paper4162,6.75,Accept
Paper4163,6.285714285714286,Accept
Paper4164,6.0,Accept
Paper4165,6.684210526315789,Accept
Paper4167,6.933333333333334,Accept
Paper4168,5.266666666666667,Reject
Paper4171,5.235294117647059,Reject
Paper4172,3.4,Reject
Paper4173,3.375,Reject
Paper4175,6.615384615384615,Accept
Paper4176,8.0,Accept
Paper4178,7.066666666666666,Accept
Paper4179,6.333333333333333,Accept
Paper4182,4.411764705882353,Reject
Paper4183,5.0,Reject
Paper4186,6.571428571428571,Accept
Paper4188,5.0,Reject
Paper4189,5.529411764705882,Reject
Paper419,6.363636363636363,Reject
Paper4190,7.0,Accept
Paper4192,4.857142857142857,Reject
Paper4195,5.0,Reject
Paper4196,3.0,Reject
Paper4198,6.0,Reject
Paper42,6.117647058823529,Accept
Paper4202,6.875,Accept
Paper4206,4.0,Reject
Paper4207,4.947368421052632,Reject
Paper4209,4.157894736842105,Reject
Paper4210,3.0,Reject
Paper4211,5.523809523809524,Reject
Paper4212,8.0,Accept
Paper4214,3.5,Reject
Paper4215,5.0,Reject
Paper4217,6.875,Accept
Paper4218,6.4,Accept
Paper4221,7.5,Accept
Paper4223,4.25,Reject
Paper4224,5.533333333333333,Accept
Paper4225,4.764705882352941,Reject
Paper4226,5.333333333333333,Accept
Paper4228,3.8,Reject
Paper4229,6.352941176470588,Accept
Paper4230,5.666666666666667,Reject
Paper4231,5.181818181818182,Accept
Paper4235,4.2,Reject
Paper4238,6.6,Accept
Paper4239,5.733333333333333,Accept
Paper424,4.125,Reject
Paper4240,6.166666666666667,Accept
Paper4241,4.75,Reject
Paper4244,6.428571428571429,Accept
Paper4245,4.7,Reject
Paper4246,5.294117647058823,Reject
Paper4247,8.0,Accept
Paper4248,6.545454545454546,Accept
Paper4249,6.0,Accept
Paper425,5.636363636363637,Reject
Paper4251,6.333333333333333,Accept
Paper4253,8.0,Accept
Paper4254,5.2,Reject
Paper426,2.3333333333333335,Reject
Paper4262,4.285714285714286,Reject
Paper4263,6.875,Accept
Paper4265,5.538461538461538,Reject
Paper4269,5.733333333333333,Accept
Paper427,8.0,Accept
Paper4271,6.5,Accept
Paper4273,4.538461538461538,Reject
Paper4274,7.333333333333333,Accept
Paper4276,6.4,Accept
Paper428,5.538461538461538,Reject
Paper4280,7.0,Accept
Paper4281,4.882352941176471,Reject
Paper4282,4.777777777777778,Reject
Paper4283,5.363636363636363,Reject
Paper4285,1.9333333333333333,Reject
Paper4286,6.0,Accept
Paper4287,6.352941176470588,Accept
Paper4288,3.6666666666666665,Reject
Paper4289,7.066666666666666,Accept
Paper4291,5.2,Reject
Paper4292,6.928571428571429,Accept
Paper4295,7.0,Accept
Paper4298,3.6923076923076925,Reject
Paper4299,5.6,Reject
Paper43,4.285714285714286,Reject
Paper4300,5.25,Accept
Paper4301,5.6875,Reject
Paper4303,4.733333333333333,Reject
Paper4304,3.0,Reject
Paper4306,3.7,Reject
Paper431,3.4705882352941178,Reject
Paper4312,6.0,Reject
Paper4313,4.294117647058823,Reject
Paper4315,5.363636363636363,Reject
Paper4317,2.3333333333333335,Reject
Paper4319,6.571428571428571,Accept
Paper4320,8.0,Accept
Paper4322,2.3333333333333335,Reject
Paper4323,8.0,Accept
Paper4324,3.4705882352941178,Reject
Paper4325,8.0,Accept
Paper4326,6.461538461538462,Accept
Paper4333,4.0,Reject
Paper4334,5.1875,Reject
Paper4339,4.933333333333334,Reject
Paper4340,5.333333333333333,Reject
Paper4341,5.4,Reject
Paper4345,3.0,Reject
Paper4347,6.0,Reject
Paper4348,5.0,Reject
Paper435,6.266666666666667,Accept
Paper4350,4.714285714285714,Reject
Paper4351,4.0,Reject
Paper4352,7.529411764705882,Accept
Paper4355,7.5,Accept
Paper4356,8.0,Accept
Paper4359,6.0,Reject
Paper4360,5.076923076923077,Reject
Paper4362,6.6,Reject
Paper4364,7.333333333333333,Accept
Paper4365,6.2,Accept
Paper4366,6.846153846153846,Reject
Paper4367,5.818181818181818,Reject
Paper4368,7.4,Accept
Paper437,7.523809523809524,Accept
Paper4372,5.0,Reject
Paper4376,5.461538461538462,Accept
Paper4378,4.857142857142857,Reject
Paper4383,5.588235294117647,Reject
Paper4386,4.277777777777778,Reject
Paper4387,4.875,Reject
Paper439,4.666666666666667,Reject
Paper4390,4.857142857142857,Reject
Paper4391,6.0,Reject
Paper4393,7.2,Accept
Paper4395,7.466666666666667,Accept
Paper4398,5.666666666666667,Reject
Paper4399,3.6153846153846154,Reject
Paper4400,5.266666666666667,Reject
Paper4402,8.0,Accept
Paper4403,4.6923076923076925,Reject
Paper4405,5.230769230769231,Reject
Paper4406,3.5,Reject
Paper4407,4.090909090909091,Reject
Paper4408,6.0,Accept
Paper441,6.25,Reject
Paper4412,8.533333333333333,Accept
Paper4414,4.769230769230769,Reject
Paper4416,3.0,Reject
Paper4420,5.923076923076923,Reject
Paper4428,5.647058823529412,Reject
Paper4429,6.44,Accept
Paper443,7.625,Accept
Paper4436,6.0,Accept
Paper4438,4.2,Reject
Paper444,3.4444444444444446,Reject
Paper4441,5.666666666666667,Reject
Paper4442,5.176470588235294,Reject
Paper4443,4.5,Reject
Paper4444,4.0,Reject
Paper4446,4.133333333333334,Reject
Paper4448,6.25,Accept
Paper4449,5.5,Reject
Paper4450,3.857142857142857,Reject
Paper4451,4.133333333333334,Reject
Paper4452,4.666666666666667,Reject
Paper4459,5.0,Reject
Paper4461,5.928571428571429,Reject
Paper4462,3.6,Reject
Paper4463,4.7727272727272725,Reject
Paper4464,5.538461538461538,Reject
Paper4468,3.0,Reject
Paper4469,5.0,Accept
Paper4470,4.0,Reject
Paper4471,4.066666666666666,Reject
Paper4475,5.25,Reject
Paper4476,3.923076923076923,Reject
Paper4477,6.0,Reject
Paper4482,6.384615384615385,Reject
Paper4483,4.9411764705882355,Reject
Paper4485,6.357142857142857,Accept
Paper4489,6.466666666666667,Accept
Paper449,6.0,Accept
Paper4491,8.0,Accept
Paper4494,5.571428571428571,Accept
Paper4495,6.133333333333334,Accept
Paper4498,7.75,Accept
Paper45,6.461538461538462,Accept
Paper450,7.1,Accept
Paper4500,7.846153846153846,Accept
Paper4501,6.181818181818182,Accept
Paper4507,3.5,Reject
Paper4508,4.3076923076923075,Reject
Paper4509,8.0,Accept
Paper451,5.363636363636363,Reject
Paper4518,4.333333333333333,Reject
Paper4519,6.75,Reject
Paper4520,5.5,Reject
Paper4523,7.0588235294117645,Accept
Paper4524,4.894736842105263,Reject
Paper453,5.923076923076923,Reject
Paper4531,6.066666666666666,Reject
Paper4533,4.75,Reject
Paper4537,4.647058823529412,Reject
Paper4539,4.294117647058823,Reject
Paper454,3.8333333333333335,Reject
Paper4540,4.888888888888889,Reject
Paper4542,6.8,Accept
Paper4543,7.625,Accept
Paper4544,8.2,Accept
Paper4554,6.909090909090909,Accept
Paper4557,3.0,Reject
Paper4558,5.7894736842105265,Reject
Paper4559,8.0,Accept
Paper456,4.0,Reject
Paper4561,3.588235294117647,Reject
Paper4564,6.0,Reject
Paper4569,6.0,Accept
Paper457,7.333333333333333,Accept
Paper4570,7.428571428571429,Accept
Paper4571,3.5714285714285716,Reject
Paper4574,4.5625,Reject
Paper4583,5.0625,Reject
Paper4586,7.333333333333333,Accept
Paper4589,6.533333333333333,Accept
Paper459,6.125,Reject
Paper4591,4.466666666666667,Reject
Paper4592,6.071428571428571,Accept
Paper4597,7.142857142857143,Accept
Paper4598,6.428571428571429,Reject
Paper4599,4.833333333333333,Reject
Paper4602,3.8,Reject
Paper4603,5.25,Reject
Paper4606,5.454545454545454,Reject
Paper4609,6.230769230769231,Accept
Paper461,4.166666666666667,Reject
Paper4614,4.5,Reject
Paper4615,7.0,Accept
Paper4616,6.75,Accept
Paper4618,6.166666666666667,Accept
Paper462,4.384615384615385,Reject
Paper4623,3.875,Reject
Paper4629,7.454545454545454,Accept
Paper4630,7.0,Accept
Paper4636,4.75,Reject
Paper4637,6.0,Reject
Paper464,4.866666666666666,Reject
Paper4642,5.333333333333333,Reject
Paper4643,5.214285714285714,Reject
Paper4644,4.375,Reject
Paper4647,6.4,Accept
Paper465,5.0,Reject
Paper4650,4.642857142857143,Reject
Paper4651,5.714285714285714,Accept
Paper466,7.142857142857143,Accept
Paper4660,5.5,Accept
Paper4662,6.7272727272727275,Accept
Paper4667,2.1666666666666665,Reject
Paper4668,7.384615384615385,Accept
Paper4675,3.5,Reject
Paper4677,6.2727272727272725,Reject
Paper468,5.266666666666667,Reject
Paper4680,4.75,Reject
Paper4686,4.733333333333333,Reject
Paper469,6.0,Accept
Paper4697,5.0,Reject
Paper47,4.538461538461538,Reject
Paper470,4.285714285714286,Reject
Paper4701,4.0,Reject
Paper4703,6.615384615384615,Accept
Paper4704,3.857142857142857,Reject
Paper4707,4.842105263157895,Reject
Paper471,4.588235294117647,Reject
Paper4711,6.0,Accept
Paper4714,5.363636363636363,Reject
Paper4715,7.2,Accept
Paper4717,6.0,Accept
Paper4719,6.0,Accept
Paper472,4.846153846153846,Reject
Paper4721,5.882352941176471,Accept
Paper4722,6.545454545454546,Accept
Paper4724,8.0,Accept
Paper473,6.0,Reject
Paper474,3.2222222222222223,Reject
Paper475,3.0,Reject
Paper477,3.0,Reject
Paper481,6.545454545454546,Accept
Paper482,6.0,Accept
Paper485,4.25,Reject
Paper486,7.529411764705882,Accept
Paper488,6.0,Accept
Paper489,6.428571428571429,Accept
Paper493,5.666666666666667,Accept
Paper496,7.6,Accept
Paper499,6.947368421052632,Accept
Paper500,4.5,Reject
Paper503,5.615384615384615,Reject
Paper504,6.615384615384615,Reject
Paper508,5.5,Reject
Paper511,3.6470588235294117,Reject
Paper512,5.117647058823529,Reject
Paper514,4.846153846153846,Reject
Paper517,6.142857142857143,Accept
Paper518,5.3076923076923075,Accept
Paper520,5.666666666666667,Reject
Paper521,8.0,Accept
Paper524,4.647058823529412,Reject
Paper526,3.5714285714285716,Reject
Paper529,3.736842105263158,Reject
Paper530,6.555555555555555,Accept
Paper536,4.444444444444445,Reject
Paper537,6.636363636363637,Reject
Paper538,2.3333333333333335,Reject
Paper539,6.533333333333333,Accept
Paper541,7.076923076923077,Accept
Paper542,4.066666666666666,Reject
Paper544,8.0,Accept
Paper545,6.866666666666666,Accept
Paper549,7.4,Accept
Paper550,7.619047619047619,Accept
Paper552,4.0,Reject
Paper553,4.823529411764706,Reject
Paper554,6.166666666666667,Accept
Paper555,3.0,Reject
Paper556,4.133333333333334,Reject
Paper557,5.166666666666667,Reject
Paper558,5.461538461538462,Reject
Paper56,6.533333333333333,Accept
Paper560,6.352941176470588,Accept
Paper561,6.4,Accept
Paper562,7.466666666666667,Accept
Paper563,5.866666666666666,Accept
Paper565,8.0,Accept
Paper566,6.133333333333334,Accept
Paper568,5.7,Reject
Paper570,6.611111111111111,Accept
Paper571,3.6875,Reject
Paper572,5.6,Reject
Paper574,6.357142857142857,Accept
Paper575,5.666666666666667,Reject
Paper576,3.4285714285714284,Reject
Paper577,4.176470588235294,Reject
Paper579,6.857142857142857,Accept
Paper581,4.333333333333333,Reject
Paper582,4.529411764705882,Reject
Paper587,6.615384615384615,Accept
Paper588,4.133333333333334,Reject
Paper589,4.428571428571429,Reject
Paper590,8.0,Accept
Paper592,6.75,Accept
Paper593,3.727272727272727,Reject
Paper594,6.0,Accept
Paper595,5.0,Reject
Paper598,8.0,Accept
Paper599,4.538461538461538,Reject
Paper6,4.466666666666667,Reject
Paper600,6.666666666666667,Accept
Paper603,5.5625,Accept
Paper606,5.352941176470588,Reject
Paper607,5.176470588235294,Accept
Paper608,5.666666666666667,Reject
Paper609,6.7272727272727275,Accept
Paper61,4.090909090909091,Reject
Paper612,5.666666666666667,Reject
Paper617,5.714285714285714,Reject
Paper62,6.571428571428571,Reject
Paper621,5.5,Reject
Paper623,3.5,Reject
Paper624,4.857142857142857,Reject
Paper625,5.714285714285714,Reject
Paper626,6.75,Accept
Paper627,7.0,Accept
Paper629,4.4,Reject
Paper63,4.642857142857143,Reject
Paper630,5.636363636363637,Reject
Paper633,4.461538461538462,Reject
Paper637,7.166666666666667,Accept
Paper64,6.133333333333334,Accept
Paper640,6.928571428571429,Accept
Paper641,6.333333333333333,Accept
Paper642,5.2,Reject
Paper643,7.0,Accept
Paper644,3.0,Reject
Paper646,3.1,Reject
Paper647,6.117647058823529,Accept
Paper648,6.363636363636363,Accept
Paper65,5.071428571428571,Reject
Paper650,4.9411764705882355,Reject
Paper652,4.333333333333333,Reject
Paper653,5.533333333333333,Reject
Paper655,3.823529411764706,Reject
Paper657,6.176470588235294,Accept
Paper658,6.777777777777778,Accept
Paper660,6.230769230769231,Accept
Paper661,6.375,Reject
Paper662,4.428571428571429,Reject
Paper663,6.8,Accept
Paper664,6.823529411764706,Accept
Paper667,2.411764705882353,Reject
Paper668,5.846153846153846,Reject
Paper67,4.333333333333333,Reject
Paper670,7.0,Accept
Paper673,4.333333333333333,Reject
Paper674,6.470588235294118,Accept
Paper675,5.285714285714286,Reject
Paper676,7.142857142857143,Accept
Paper677,4.615384615384615,Reject
Paper678,5.333333333333333,Reject
Paper679,5.3076923076923075,Reject
Paper68,6.8,Accept
Paper681,6.0,Accept
Paper682,6.64,Accept
Paper683,4.5625,Reject
Paper685,5.705882352941177,Reject
Paper687,4.5,Reject
Paper688,5.076923076923077,Reject
Paper689,7.6923076923076925,Accept
Paper69,4.157894736842105,Reject
Paper693,7.0,Accept
Paper694,7.0,Accept
Paper695,7.529411764705882,Accept
Paper696,3.4705882352941178,Reject
Paper697,4.857142857142857,Reject
Paper698,6.0,Reject
Paper699,5.25,Reject
Paper700,5.714285714285714,Accept
Paper701,6.285714285714286,Accept
Paper702,3.923076923076923,Reject
Paper703,4.3076923076923075,Reject
Paper704,7.142857142857143,Accept
Paper705,5.538461538461538,Accept
Paper706,4.647058823529412,Reject
Paper708,7.5,Accept
Paper709,3.588235294117647,Reject
Paper710,7.466666666666667,Accept
Paper711,5.9,Reject
Paper712,5.857142857142857,Reject
Paper713,4.6923076923076925,Reject
Paper714,5.466666666666667,Reject
Paper715,8.0,Accept
Paper716,6.666666666666667,Accept
Paper718,6.2,Accept
Paper719,5.076923076923077,Reject
Paper720,4.388888888888889,Reject
Paper721,7.466666666666667,Accept
Paper722,6.0,Accept
Paper723,5.823529411764706,Reject
Paper724,3.0,Reject
Paper725,6.666666666666667,Accept
Paper727,5.461538461538462,Reject
Paper728,6.461538461538462,Accept
Paper729,5.8125,Reject
Paper73,5.818181818181818,Accept
Paper730,6.615384615384615,Accept
Paper732,4.214285714285714,Reject
Paper736,8.0,Accept
Paper737,5.142857142857143,Reject
Paper740,5.0,Reject
Paper741,6.666666666666667,Accept
Paper742,5.555555555555555,Reject
Paper744,4.5625,Reject
Paper746,6.5,Accept
Paper749,4.333333333333333,Reject
Paper750,5.764705882352941,Accept
Paper753,4.222222222222222,Reject
Paper756,4.785714285714286,Reject
Paper757,4.642857142857143,Reject
Paper759,5.0,Reject
Paper760,3.5,Reject
Paper762,4.642857142857143,Reject
Paper763,6.0,Accept
Paper764,5.5,Accept
Paper765,5.7,Accept
Paper766,4.666666666666667,Reject
Paper767,5.4,Accept
Paper768,5.285714285714286,Reject
Paper769,8.0,Accept
Paper770,6.8,Accept
Paper772,7.428571428571429,Accept
Paper773,5.764705882352941,Accept
Paper774,5.357142857142857,Reject
Paper778,6.7272727272727275,Accept
Paper780,3.4,Reject
Paper783,4.8,Reject
Paper784,5.733333333333333,Accept
Paper785,6.25,Accept
Paper786,5.235294117647059,Accept
Paper788,4.7,Reject
Paper789,6.0,Reject
Paper791,5.714285714285714,Reject
Paper792,7.2727272727272725,Accept
Paper794,5.846153846153846,Accept
Paper795,7.571428571428571,Reject
Paper797,4.0,Reject
Paper799,5.714285714285714,Accept
Paper80,5.25,Accept
Paper803,7.529411764705882,Accept
Paper808,5.285714285714286,Reject
Paper809,5.5,Reject
Paper81,6.0,Reject
Paper810,7.0,Accept
Paper811,2.3846153846153846,Reject
Paper812,6.6,Accept
Paper813,5.0,Reject
Paper814,3.0,Reject
Paper815,6.846153846153846,Accept
Paper817,5.714285714285714,Reject
Paper819,4.545454545454546,Reject
Paper82,5.25,Reject
Paper820,7.466666666666667,Accept
Paper821,3.8,Reject
Paper822,8.533333333333333,Accept
Paper823,4.0,Reject
Paper826,4.538461538461538,Reject
Paper827,5.0,Reject
Paper828,5.777777777777778,Accept
Paper829,3.0,Reject
Paper830,4.714285714285714,Reject
Paper831,7.142857142857143,Accept
Paper832,5.764705882352941,Accept
Paper833,6.5,Accept
Paper835,3.5714285714285716,Reject
Paper837,6.363636363636363,Accept
Paper841,5.923076923076923,Accept
Paper844,5.714285714285714,Reject
Paper845,5.466666666666667,Reject
Paper846,6.833333333333333,Accept
Paper849,4.466666666666667,Reject
Paper852,2.764705882352941,Reject
Paper853,4.428571428571429,Reject
Paper854,3.75,Reject
Paper855,6.416666666666667,Accept
Paper856,5.0,Reject
Paper857,5.733333333333333,Accept
Paper859,4.75,Reject
Paper86,8.0,Accept
Paper860,5.285714285714286,Reject
Paper862,4.266666666666667,Reject
Paper863,6.266666666666667,Reject
Paper864,5.461538461538462,Reject
Paper865,3.0,Reject
Paper868,8.0,Accept
Paper869,7.0476190476190474,Accept
Paper870,8.0,Accept
Paper876,5.142857142857143,Accept
Paper877,5.5,Reject
Paper879,6.2,Accept
Paper88,7.625,Accept
Paper880,3.2857142857142856,Reject
Paper881,5.705882352941177,Reject
Paper882,5.6,Reject
Paper883,4.0588235294117645,Reject
Paper884,6.266666666666667,Accept
Paper885,1.7272727272727273,Reject
Paper887,6.0,Accept
Paper888,6.7272727272727275,Reject
Paper89,6.5,Accept
Paper890,6.8,Accept
Paper891,6.529411764705882,Accept
Paper893,4.533333333333333,Reject
Paper896,5.0,Reject
Paper898,7.066666666666666,Accept
Paper899,4.214285714285714,Reject
Paper9,6.823529411764706,Accept
Paper90,7.571428571428571,Accept
Paper901,5.611111111111111,Reject
Paper902,2.3333333333333335,Reject
Paper904,8.0,Accept
Paper905,6.461538461538462,Reject
Paper906,4.857142857142857,Reject
Paper907,4.2,Reject
Paper909,6.923076923076923,Accept
Paper910,4.5,Reject
Paper912,5.882352941176471,Accept
Paper914,5.0,Reject
Paper916,6.0,Accept
Paper918,6.866666666666666,Accept
Paper920,6.705882352941177,Accept
Paper921,6.0,Reject
Paper926,6.0,Reject
Paper927,7.75,Accept
Paper931,6.4,Accept
Paper932,5.1875,Reject
Paper933,6.1,Accept
Paper934,8.0,Accept
Paper935,5.1875,Accept
Paper936,3.8333333333333335,Reject
Paper938,6.875,Accept
Paper939,5.8,Reject
Paper942,5.2,Reject
Paper944,5.7894736842105265,Accept
Paper945,5.5,Accept
Paper947,5.75,Reject
Paper949,4.285714285714286,Reject
Paper95,5.25,Reject
Paper952,6.0625,Accept
Paper953,6.666666666666667,Accept
Paper956,4.555555555555555,Reject
Paper959,6.733333333333333,Accept
Paper96,6.230769230769231,Accept
Paper960,5.0,Reject
Paper962,6.363636363636363,Accept
Paper963,4.818181818181818,Reject
Paper964,5.9411764705882355,Accept
Paper965,3.0,Reject
Paper967,7.071428571428571,Reject
Paper969,6.125,Reject
Paper970,6.0,Accept
Paper971,7.285714285714286,Accept
Paper974,6.0625,Reject
Paper977,4.25,Reject
Paper978,4.764705882352941,Reject
Paper979,6.6,Accept
Paper98,5.75,Reject
Paper980,5.473684210526316,Reject
Paper982,4.625,Reject
Paper983,6.0625,Reject
Paper984,4.95,Reject
Paper985,3.8181818181818183,Reject
Paper989,2.2,Reject
Paper99,5.545454545454546,Reject
Paper990,6.571428571428571,Accept
Paper991,5.857142857142857,Reject
Paper992,6.0,Accept
Paper993,4.333333333333333,Reject
Paper994,6.0,Reject
Paper995,4.5,Reject
Paper997,4.5,Reject
